	transportmean_name	line_number	order_number	stop_id	stop_code	stop_name	stop_desc	stop_lat	stop_lon	zone_id	stop_url	location_type	parent_station	stop_timezone	wheelchair_boarding	metro_linked	ml_linked	cr_linked	accesible	parking
0	METRO	1	1_4	par_4_1	1	Plaza de Castilla	Paseo de la Castellana 189	40.4669075950714	-3.6890848237703198	A	http://www.crtm.es/tu-transporte-publico/metro/estaciones/4_1.aspx	0	est_4_1		0	9/10	No	No	Yes	Yes
1	METRO	1	1_26	par_4_23	23	Alto del Arenal	Calle de Santillana del Mar 21	40.3897835124929	-3.6451283445472002	A	http://www.crtm.es/tu-transporte-publico/metro/estaciones/4_23.aspx	0	est_4_23		2	No	No	No	Yes	No
2	METRO	1	1_27	par_4_24	24	Miguel Hernández	Calle de León Felipe 4 A	40.387328765717605	-3.63941435245283	A	http://www.crtm.es/tu-transporte-publico/metro/estaciones/4_24.aspx	0	est_4_24		2	No	No	No	Yes	Yes
3	METRO	1	1_28	par_4_25	25	 Sierra de Guadalupe	Avda de la Democracia 1	40.382175348242605	-3.6246278133375798	A	http://www.crtm.es/tu-transporte-publico/metro/estaciones/4_25.aspx	0	est_4_25		2	No	No	C-2/C-7/C-8	Yes	No
4	METRO	1	1_29	par_4_26	26	Villa de Vallecas	Paseo de Federico García Lorca 2	40.379608163445894	-3.62121135337431	A	http://www.crtm.es/tu-transporte-publico/metro/estaciones/4_26.aspx	0	est_4_26		2	No	No	No	Yes	No
5	METRO	1	1_3	par_4_261	261	Chamartín	Calle de Agustín de Foxá 40	40.4720366992766	-3.68249582773816	A	http://www.crtm.es/tu-transporte-publico/metro/estaciones/4_261.aspx	0	est_4_261		2	10	No	C-1/C-2/C-3/C-4/C-7/C-8/C-10	Yes	Yes
6	METRO	1	1_2	par_4_262	262	Bambú	Calle del Bambú 14	40.4768209067147	-3.6762798886686303	A	http://www.crtm.es/tu-transporte-publico/metro/estaciones/4_262.aspx	0	est_4_262		2	No	No	No	Yes	No
7	METRO	1	1_30	par_4_27	27	Congosto	Calle del Congosto 48	40.3723960977599	-3.61875395744286	A	http://www.crtm.es/tu-transporte-publico/metro/estaciones/4_27.aspx	0	est_4_27		2	No	No	No	Yes	No
8	METRO	1	1_31	par_4_293	293	La Gavia	Avda del Ensanche de Vallecas 16	40.3701995232585	-3.61337453938016	A	http://www.crtm.es/tu-transporte-publico/metro/estaciones/4_293.aspx	0	est_4_293		2	No	No	No	Yes	No
9	METRO	1	1_32	par_4_294	294	Las Suertes	Calle de Cañada del Santísimo 45	40.3632365384622	-3.59943748611808	A	http://www.crtm.es/tu-transporte-publico/metro/estaciones/4_294.aspx	0	est_4_294		2	No	No	No	Yes	No
10	METRO	1	1_33	par_4_295	295	Valdecarros	Avda del Ensanche de Vallecas 120 A	40.360080142961	-3.59307350871468	A	http://www.crtm.es/tu-transporte-publico/metro/estaciones/4_295.aspx	0	est_4_295		2	No	No	No	Yes	No
11	METRO	1	1_6	par_4_3	3	Tetuán	Calle de Bravo Murillo 264	40.4605649379565	-3.6981607321868504	A	http://www.crtm.es/tu-transporte-publico/metro/estaciones/4_3.aspx	0	est_4_3		0	No	No	No	No	No
12	METRO	1	1_7	par_4_4	4	Estrecho	Calle de Bravo Murillo 191	40.4542928728922	-3.70293109488463	A	http://www.crtm.es/tu-transporte-publico/metro/estaciones/4_4.aspx	0	est_4_4		0	No	No	No	No	No
13	METRO	1	1_8	par_4_5	5	Alvarado	Calle de Bravo Murillo 138	40.450345222565296	-3.7032201541021497	A	http://www.crtm.es/tu-transporte-publico/metro/estaciones/4_5.aspx	0	est_4_5		0	No	No	No	No	No
14	METRO	1	1_9	par_4_6	6	Cuatro Caminos	Gta de Cuatro Caminos 2	40.446980884885896	-3.70388082041143	A	http://www.crtm.es/tu-transporte-publico/metro/estaciones/4_6.aspx	0	est_4_6		2	2/6	No	No	Yes	No
15	METRO	1	1_10	par_4_7	7	Ríos Rosas	Calle de Ríos Rosas 22	40.4419880199277	-3.7012346662476	A	http://www.crtm.es/tu-transporte-publico/metro/estaciones/4_7.aspx	0	est_4_7		0	No	No	No	No	No
16	METRO	1	1_11	par_4_8	8	Iglesia	Gta del Pintor Sorolla 2	40.4349302509152	-3.6988858666646403	A	http://www.crtm.es/tu-transporte-publico/metro/estaciones/4_8.aspx	0	est_4_8		2	No	No	No	Yes	No
17	METRO	1	1_12	par_4_9	9	Bilbao	Calle de Sagasta 2	40.429064043816204	-3.70209068081661	A	http://www.crtm.es/tu-transporte-publico/metro/estaciones/4_9.aspx	0	est_4_9		0	4	No	No	No	No
18	METRO	1	1_25	par_4_22	22	Buenos Aires	Avda de la Albufera 179	40.391572544053105	-3.65381730286117	A	http://www.crtm.es/tu-transporte-publico/metro/estaciones/4_22.aspx	0	est_4_22		0	No	No	No	No	No
19	METRO	1	1_24	par_4_21	21	Portazgo	Avda de la Albufera 131	40.3926715936915	-3.6585881203293997	A	http://www.crtm.es/tu-transporte-publico/metro/estaciones/4_21.aspx	0	est_4_21		0	No	No	No	No	No
20	METRO	1	1_1	par_4_263	263	Pinar de Chamartín	Calle de Arturo Soria 330	40.4801467240269	-3.6667097576830296	A	http://www.crtm.es/tu-transporte-publico/metro/estaciones/4_263.aspx	0	est_4_263		2	4	1	No	Yes	No
21	METRO	1	1_5	par_4_2	2	Valdeacederas	Calle de Bravo Murillo 332	40.464430962000606	-3.69496888768969	A	http://www.crtm.es/tu-transporte-publico/metro/estaciones/4_2.aspx	0	est_4_2		0	No	No	No	No	No
22	METRO	1	1_13	par_4_10	10	Tribunal	Calle de Fuencarral 81	40.4261967446581	-3.7010116898124803	A	http://www.crtm.es/tu-transporte-publico/metro/estaciones/4_10.aspx	0	est_4_10		0	10	No	No	No	No
23	METRO	1	1_23	par_4_20	20	Nueva Numancia	Avda de la Albufera 70	40.3955502689652	-3.6640481968664105	A	http://www.crtm.es/tu-transporte-publico/metro/estaciones/4_20.aspx	0	est_4_20		0	No	No	No	No	No
24	METRO	1	1_14	par_4_11	11	Gran Vía	Calle   Gran Vía 23	40.4200213672871	-3.7017137637423096	A	http://www.crtm.es/tu-transporte-publico/metro/estaciones/4_11.aspx	0	est_4_11		0	5	No	No	No	No
25	METRO	1	1_15	par_4_12	12	Sol	Plaza de la Puerta del Sol 6	40.4168864401114	-3.70316633485051	A	http://www.crtm.es/tu-transporte-publico/metro/estaciones/4_12.aspx	0	est_4_12		1	2/3	No	C-3/C-4	Yes	No
26	METRO	1	1_17	par_4_14	14	Antón Martín	Calle de Atocha 50	40.4124776216473	-3.69927817746355	A	http://www.crtm.es/tu-transporte-publico/metro/estaciones/4_14.aspx	0	est_4_14		0	No	No	No	No	No
27	METRO	1	1_18	par_4_15	15	Atocha	Plaza del Emperador Carlos V 11	40.408861422486204	-3.6923933996905	A	http://www.crtm.es/tu-transporte-publico/metro/estaciones/4_15.aspx	0	est_4_15		0	No	No	No	No	No
28	METRO	1	1_16	par_4_13	13	Tirso de Molina	Plaza de Tirso de Molina 7	40.4123554117291	-3.7045688521048796	A	http://www.crtm.es/tu-transporte-publico/metro/estaciones/4_13.aspx	0	est_4_13		0	No	No	No	No	No
29	METRO	1	1_19	par_4_16	16	Atocha Renfe	Avda de la Ciudad de Barcelona 2 B	40.4066007436399	-3.68928254689052	A	http://www.crtm.es/tu-transporte-publico/metro/estaciones/4_16.aspx	0	est_4_16		2	No	No	C-1/C-2/C-3/C-4/C-5/C-7/C-8/C-10	Yes	Yes
30	METRO	1	1_20	par_4_17	17	Menéndez Pelayo	Avda de la Ciudad de Barcelona 23	40.4044612724496	-3.68089359389506	A	http://www.crtm.es/tu-transporte-publico/metro/estaciones/4_17.aspx	0	est_4_17		0	No	No	No	No	No
31	METRO	1	1_21	par_4_18	18	Pacífico	Avda de la Ciudad de Barcelona 79	40.4012703839302	-3.67504008050794	A	http://www.crtm.es/tu-transporte-publico/metro/estaciones/4_18.aspx	0	est_4_18		0	6	No	No	Yes	No
32	METRO	1	1_22	par_4_19	19	Puente de Vallecas	Avda de la Albufera 1	40.3982066068275	-3.66896449103957	A	http://www.crtm.es/tu-transporte-publico/metro/estaciones/4_19.aspx	0	est_4_19		0	No	No	No	No	No
33	METRO	10	10_5	par_4_280	280	Marqués de la Valdavia	Calle del Marqués de la Valdavia 21	40.5410320789939	-3.6372955792163197	B1	http://www.crtm.es/tu-transporte-publico/metro/estaciones/4_280.aspx	0	est_4_280		2	No	No	No	Yes	No
34	METRO	10	10_6	par_4_279	279	La Moraleja	Avda de la Ermita 5	40.5319612658917	-3.63547399993539	B1	http://www.crtm.es/tu-transporte-publico/metro/estaciones/4_279.aspx	0	est_4_279		2	No	No	No	Yes	No
35	METRO	10	10_31	par_4_205	205	Puerta del Sur	Avda de la Libertad 2	40.345254627936704	-3.8120175031278904	B1	http://www.crtm.es/tu-transporte-publico/metro/estaciones/4_205.aspx	0	est_4_205		2	12	No	No	Yes	No
36	METRO	10	10_7	par_4_278	278	La Granja	Calle de Sepúlveda 1	40.5276071989844	-3.6585022791241606	B1	http://www.crtm.es/tu-transporte-publico/metro/estaciones/4_278.aspx	0	est_4_278		2	No	No	No	Yes	No
37	METRO	10	10_8	par_4_277	277	Rda. de la Comunicación	Ronda de la Comunicación 22	40.5155475628334	-3.66268097606341	A	http://www.crtm.es/tu-transporte-publico/metro/estaciones/4_277.aspx	0	est_4_277		2	No	No	No	Yes	No
38	METRO	10	10_9	par_4_276	276	Las Tablas	Calle de Palas de Rey 30	40.5083381188636	-3.66934943802173	A	http://www.crtm.es/tu-transporte-publico/metro/estaciones/4_276.aspx	0	est_4_276		2	No	1	No	Yes	No
39	METRO	10	10_10	par_4_275	275	Montecarmelo	Avda de Monasterio de Silos 63 A	40.5052638592485	-3.6956616421367996	A	http://www.crtm.es/tu-transporte-publico/metro/estaciones/4_275.aspx	0	est_4_275		2	No	No	No	Yes	No
40	METRO	10	10_3	par_4_282	282	Baunatal	Avda de las Lomas del Rey 2	40.554431532284	-3.63503679919469	B1	http://www.crtm.es/tu-transporte-publico/metro/estaciones/4_282.aspx	0	est_4_282		2	No	No	No	Yes	No
41	METRO	10	10_11	par_4_274	274	Tres Olivos	Acces   M-607 SN	40.5012132002036	-3.6951123248626296	A	http://www.crtm.es/tu-transporte-publico/metro/estaciones/4_274.aspx	0	est_4_274		2	No	No	No	Yes	No
42	METRO	10	10_28	par_4_257	257	Aviación Española	Paseo de Extremadura 463	40.3836472493296	-3.7838269550773798	A	http://www.crtm.es/tu-transporte-publico/metro/estaciones/4_257.aspx	0	est_4_257		2	No	No	No	Yes	No
43	METRO	10	10_4	par_4_281	281	Manuel de Falla	Calle   Manuel de Falla 59	40.5504925884672	-3.6467862352761298	B1	http://www.crtm.es/tu-transporte-publico/metro/estaciones/4_281.aspx	0	est_4_281		2	No	No	No	Yes	No
44	METRO	10	10_30	par_4_204	204	Joaquín Vilumbrales	Avda de la Libertad 13	40.3498565924165	-3.8071035974563503	B1	http://www.crtm.es/tu-transporte-publico/metro/estaciones/4_204.aspx	0	est_4_204		2	No	No	No	Yes	No
45	METRO	10	10_25	par_4_200	200	Batán	Paseo de la Venta 1	40.407869860622	-3.7530184314236896	A	http://www.crtm.es/tu-transporte-publico/metro/estaciones/4_200.aspx	0	est_4_200		2	No	No	No	Yes	No
46	METRO	10	10_18	par_4_120	120	Nuevos Ministerios	Calle de Raimundo Fernández Villaverde 67	40.4466272794792	-3.6923209277956404	A	http://www.crtm.es/tu-transporte-publico/metro/estaciones/4_120.aspx	0	est_4_120		2	6/8	No	C-1/C-2/C-3/C-4/C-7/C-8/C-10	Yes	Yes
47	METRO	10	10_23	par_4_127	127	Príncipe Pío	Paseo de la Florida 2	40.421078651672204	-3.72023124459144	A	http://www.crtm.es/tu-transporte-publico/metro/estaciones/4_127.aspx	0	est_4_127		1	6/r	No	C-1/C-7/C-10	Yes	No
48	METRO	10	10_27	par_4_202	202	Colonia Jardín	Calle de Arenas de San Pedro 2	40.396989168747396	-3.77451963952354	A	http://www.crtm.es/tu-transporte-publico/metro/estaciones/4_202.aspx	0	est_4_202		2	No	2/3	No	Yes	No
49	METRO	10	10_19	par_4_142	142	Gregorio Marañón	Calle de José Abascal 65	40.4382635307795	-3.6913979909818195	A	http://www.crtm.es/tu-transporte-publico/metro/estaciones/4_142.aspx	0	est_4_142		2	7	No	No	Yes	No
50	METRO	10	10_12	par_4_187	187	Fuencarral	Calle de la Fuente Chica 21	40.495092462574604	-3.69273624863883	A	http://www.crtm.es/tu-transporte-publico/metro/estaciones/4_187.aspx	0	est_4_187		0	No	No	No	No	No
51	METRO	10	10_13	par_4_188	188	Begoña	Paseo de la Castellana 261	40.480422672807606	-3.6857544040484704	A	http://www.crtm.es/tu-transporte-publico/metro/estaciones/4_188.aspx	0	est_4_188		0	No	No	No	No	No
52	METRO	10	10_16	par_4_191	191	Cuzco	Paseo de la Castellana 162	40.4584351968842	-3.6897648654924304	A	http://www.crtm.es/tu-transporte-publico/metro/estaciones/4_191.aspx	0	est_4_191		0	No	No	No	No	No
53	METRO	10	10_24	par_4_199	199	 Lago	Ronda del Lago 3	40.416423751749704	-3.73553974787374	A	http://www.crtm.es/tu-transporte-publico/metro/estaciones/4_199.aspx	0	est_4_199		2	No	No	No	Yes	No
54	METRO	10	10_2	par_4_283	283	Reyes Católicos	Avda de la Plaza de Toros 7	40.5503874239605	-3.62330644093382	B1	http://www.crtm.es/tu-transporte-publico/metro/estaciones/4_283.aspx	0	est_4_283		2	No	No	No	Yes	No
55	METRO	10	10_17	par_4_192	192	Santiago Bernabéu	Paseo de la Castellana 97	40.4515943500392	-3.69028455694089	A	http://www.crtm.es/tu-transporte-publico/metro/estaciones/4_192.aspx	0	est_4_192		0	No	No	No	No	No
56	METRO	10	10_22	par_4_50	50	Plaza de España	Plaza de España 1	40.423423391095	-3.7111087783819996	A	http://www.crtm.es/tu-transporte-publico/metro/estaciones/4_50.aspx	0	est_4_50		2	2/3	No	No	Yes	No
57	METRO	10	10_29	par_4_203	203	Cuatro Vientos	Col   Militar de Cuatro Vientos 6 B	40.3777126273337	-3.79142693920467	A	http://www.crtm.es/tu-transporte-publico/metro/estaciones/4_203.aspx	0	est_4_203		2	No	No	C-5	Yes	No
58	METRO	10	10_1	par_4_284	284	Hospital Infanta Sofía	Paseo   Europa 11	40.55977527197629	-3.61136898610133	B1	http://www.crtm.es/tu-transporte-publico/metro/estaciones/4_284.aspx	0	est_4_284		2	No	No	No	Yes	No
59	METRO	10	10_20	par_4_57	57	Alonso Martínez	Plaza de Alonso Martínez 4	40.4277324049997	-3.69585237643945	A	http://www.crtm.es/tu-transporte-publico/metro/estaciones/4_57.aspx	0	est_4_57		0	4/5	No	No	No	No
60	METRO	10	10_15	par_4_1	1	Plaza de Castilla	Paseo de la Castellana 189	40.4669075950714	-3.6890848237703198	A	http://www.crtm.es/tu-transporte-publico/metro/estaciones/4_1.aspx	0	est_4_1		0	1/9	No	No	Yes	Yes
61	METRO	10	10_26	par_4_103	103	Casa de Campo	Ctra del Zoo 1	40.4032505862068	-3.76092145290442	A	http://www.crtm.es/tu-transporte-publico/metro/estaciones/4_103.aspx	0	est_4_103		2	5	No	No	Yes	No
62	METRO	10	10_21	par_4_10	10	Tribunal	Calle de Fuencarral 81	40.4261967446581	-3.7010116898124803	A	http://www.crtm.es/tu-transporte-publico/metro/estaciones/4_10.aspx	0	est_4_10		0	1	No	No	No	No
63	METRO	10	10_14	par_4_261	261	Chamartín	Calle de Agustín de Foxá 40	40.4720366992766	-3.68249582773816	A	http://www.crtm.es/tu-transporte-publico/metro/estaciones/4_261.aspx	0	est_4_261		2	1	No	C-1/C-2/C-3/C-4/C-7/C-8/C-10	Yes	Yes
64	METRO	11	11_7	par_4_305	305	La Fortuna	Calle   San José 40	40.3579677238597	-3.7777354135329904		http://www.crtm.es/tu-transporte-publico/metro/estaciones/4_305.aspx	0	est_4_305		0	No	No	No	Yes	No
65	METRO	11	11_6	par_4_256	256	La Peseta	Calle de Salvador Allende 3	40.3642326917246	-3.75680788168332	A	http://www.crtm.es/tu-transporte-publico/metro/estaciones/4_256.aspx	0	est_4_256		2	No	No	No	Yes	No
66	METRO	11	11_5	par_4_255	255	Carabanchel Alto	Avda de Carabanchel Alto 40	40.372012977219896	-3.7518181673738997	A	http://www.crtm.es/tu-transporte-publico/metro/estaciones/4_255.aspx	0	est_4_255		2	No	No	No	Yes	No
67	METRO	11	11_4	par_4_254	254	San Francisco	Avda de los Poblados 102	40.373609059953395	-3.73900826605771	A	http://www.crtm.es/tu-transporte-publico/metro/estaciones/4_254.aspx	0	est_4_254		2	No	No	No	Yes	No
68	METRO	11	11_3	par_4_208	208	Pan Bendito	Avda de Abrantes 289	40.3758747196832	-3.7340737735019	A	http://www.crtm.es/tu-transporte-publico/metro/estaciones/4_208.aspx	0	est_4_208		2	No	No	No	Yes	No
69	METRO	11	11_2	par_4_207	207	Abrantes	Avda de Abrantes 77	40.3808422099026	-3.72781331723895	A	http://www.crtm.es/tu-transporte-publico/metro/estaciones/4_207.aspx	0	est_4_207		2	No	No	No	Yes	No
70	METRO	11	11_1	par_4_108	108	Plaza Elíptica	Plaza de Fernández Ladreda 2	40.3846135488641	-3.71827578486577	A	http://www.crtm.es/tu-transporte-publico/metro/estaciones/4_108.aspx	0	est_4_108		2	6	No	No	Yes	No
71	METRO	12	12_20	par_4_228	228	El Casar	Avda del Casar 2	40.318638881392296	-3.7097610118111604	B1	http://www.crtm.es/tu-transporte-publico/metro/estaciones/4_228.aspx	0	est_4_228		2	No	No	C-3	Yes	No
72	METRO	12	12_21	par_4_229	229	Los Espartales	Avda   Rigoberta Menchú 3	40.32423607115	-3.71810621449902	B1	http://www.crtm.es/tu-transporte-publico/metro/estaciones/4_229.aspx	0	est_4_229		2	No	No	No	Yes	No
73	METRO	12	12_22	par_4_230	230	El Bercial	Avda   Comandante José Manuel Ripollés 4	40.329083472571504	-3.72954067740215	B1	http://www.crtm.es/tu-transporte-publico/metro/estaciones/4_230.aspx	0	est_4_230		2	No	No	No	Yes	No
74	METRO	12	12_2	par_4_210	210	Parque Lisboa	Calle de Porto Lagos 7	40.3496949916395	-3.8211022534012997	B1	http://www.crtm.es/tu-transporte-publico/metro/estaciones/4_210.aspx	0	est_4_210		2	No	No	No	Yes	No
75	METRO	12	12_24	par_4_232	232	Julian Besteiro	Avda   Rey Juan Carlos I 23 A	40.3347557812105	-3.75256996413693	B1	http://www.crtm.es/tu-transporte-publico/metro/estaciones/4_232.aspx	0	est_4_232		2	No	No	No	Yes	No
76	METRO	12	12_25	par_4_233	233	Casa del Reloj	Avda   Gibraltar 11	40.326612458027704	-3.75933029097596	B1	http://www.crtm.es/tu-transporte-publico/metro/estaciones/4_233.aspx	0	est_4_233		2	No	No	No	Yes	No
77	METRO	12	12_19	par_4_227	227	 Juan de la Cierva	Avda de España 20	40.3118143782419	-3.7221524524738197	B1	http://www.crtm.es/tu-transporte-publico/metro/estaciones/4_227.aspx	0	est_4_227		2	No	No	No	Yes	No
78	METRO	12	12_26	par_4_234	234	Hospital Severo Ochoa	Avda   Orellana 3	40.3217812127019	-3.76788021577265	B1	http://www.crtm.es/tu-transporte-publico/metro/estaciones/4_234.aspx	0	est_4_234		2	No	No	No	Yes	No
79	METRO	12	12_27	par_4_235	235	Leganés Central	Calle  Virgen del Camino 1	40.3289917587751	-3.7714463012933903	B1	http://www.crtm.es/tu-transporte-publico/metro/estaciones/4_235.aspx	0	est_4_235		2	No	No	C-5	Yes	No
80	METRO	12	12_23	par_4_231	231	El Carrascal	Avda   Rey Juan Carlos I 85	40.3366471390771	-3.7400882092389103	B1	http://www.crtm.es/tu-transporte-publico/metro/estaciones/4_231.aspx	0	est_4_231		2	No	No	No	Yes	No
81	METRO	12	12_18	par_4_226	226	Getafe Central	Calle  Ferrocarril 2	40.3099383991867	-3.7339359948349	B1	http://www.crtm.es/tu-transporte-publico/metro/estaciones/4_226.aspx	0	est_4_226		2	No	No	C-4	Yes	No
82	METRO	12	12_15	par_4_223	223	Arroyo Culebro	Paseo de Juan José Rosón 1	40.2887552818813	-3.7567299970465697	B1	http://www.crtm.es/tu-transporte-publico/metro/estaciones/4_223.aspx	0	est_4_223		2	No	No	No	Yes	No
83	METRO	12	12_16	par_4_224	224	Conservatorio	Avda de las Arcas del Agua 5	40.2932595559415	-3.74567378255423	B1	http://www.crtm.es/tu-transporte-publico/metro/estaciones/4_224.aspx	0	est_4_224		2	No	No	No	Yes	No
84	METRO	12	12_1	par_4_205	205	Puerta del Sur	Avda de la Libertad 2	40.345254627936704	-3.8120175031278904	B1	http://www.crtm.es/tu-transporte-publico/metro/estaciones/4_205.aspx	0	est_4_205		2	10	No	No	Yes	No
85	METRO	12	12_3	par_4_211	211	Alcorcón Central	Avda de Móstoles 12	40.3500968782069	-3.8316812164219503	B1	http://www.crtm.es/tu-transporte-publico/metro/estaciones/4_211.aspx	0	est_4_211		2	No	No	C-5	Yes	No
86	METRO	12	12_13	par_4_221	221	Fuenlabrada Central	Calle de la Vía SN	40.2826885415632	-3.79881085809057	B2	http://www.crtm.es/tu-transporte-publico/metro/estaciones/4_221.aspx	0	est_4_221		2	No	No	C-5	Yes	No
87	METRO	12	12_12	par_4_220	220	Parque Europa	Calle de Francia 34	40.2851866721389	-3.80622799034627	B2	http://www.crtm.es/tu-transporte-publico/metro/estaciones/4_220.aspx	0	est_4_220		2	No	No	No	Yes	No
88	METRO	12	12_11	par_4_219	219	Hospital de Fuenlabrada	Cmno del Molino 3	40.28576450277	-3.81632835794833	B2	http://www.crtm.es/tu-transporte-publico/metro/estaciones/4_219.aspx	0	est_4_219		2	No	No	No	Yes	No
89	METRO	12	12_10	par_4_218	218	Loranca	Calle de la Alegría 4	40.296819813621894	-3.83759295120372	B2	http://www.crtm.es/tu-transporte-publico/metro/estaciones/4_218.aspx	0	est_4_218		2	No	No	No	Yes	No
90	METRO	12	12_9	par_4_217	217	Manuela Malasaña	Plaza   Sol de 9001 SN	40.309040633322	-3.86392772849615	B2	http://www.crtm.es/tu-transporte-publico/metro/estaciones/4_217.aspx	0	est_4_217		2	No	No	No	Yes	No
91	METRO	12	12_8	par_4_216	216	Hospital de Móstoles	Calle del Río Sella 10	40.3165369216206	-3.8746156400644303	B2	http://www.crtm.es/tu-transporte-publico/metro/estaciones/4_216.aspx	0	est_4_216		2	No	No	No	Yes	No
92	METRO	12	12_7	par_4_215	215	Pradillo	Calle de Agustina de Aragón 23	40.3216918515746	-3.86479520396452	B2	http://www.crtm.es/tu-transporte-publico/metro/estaciones/4_215.aspx	0	est_4_215		2	No	No	No	Yes	No
93	METRO	12	12_6	par_4_214	214	Móstoles Central	Paseo de la Estación 13	40.328512752360794	-3.8634461541551803	B2	http://www.crtm.es/tu-transporte-publico/metro/estaciones/4_214.aspx	0	est_4_214		2	No	No	C-5	Yes	No
94	METRO	12	12_5	par_4_213	213	Universidad Rey Juan Carlos	Calle   Tulipán 2	40.3351325965559	-3.8720891654036302	B2	http://www.crtm.es/tu-transporte-publico/metro/estaciones/4_213.aspx	0	est_4_213		2	No	No	No	Yes	No
95	METRO	12	12_4	par_4_212	212	Parque Oeste	Calle de Estambul 5	40.345906189699605	-3.8492442693442004	B1	http://www.crtm.es/tu-transporte-publico/metro/estaciones/4_212.aspx	0	est_4_212		2	No	No	No	Yes	No
96	METRO	12	12_17	par_4_225	225	Alonso de Mendoza	Calle del Greco 6	40.300822633681996	-3.73654366004624	B1	http://www.crtm.es/tu-transporte-publico/metro/estaciones/4_225.aspx	0	est_4_225		2	No	No	No	Yes	No
97	METRO	12	12_14	par_4_222	222	Parque de los Estados	Calle de Venezuela 2	40.286851402181	-3.7868839242759003	B2	http://www.crtm.es/tu-transporte-publico/metro/estaciones/4_222.aspx	0	est_4_222		2	No	No	No	Yes	No
98	METRO	12	12_28	par_4_236	236	San Nicasio	Avda   Mar Mediterráneo SN	40.3361700242714	-3.7757780176708597	B1	http://www.crtm.es/tu-transporte-publico/metro/estaciones/4_236.aspx	0	est_4_236		2	No	No	No	Yes	No
99	METRO	2	2_3	par_4_323	323	Alsacia	Plaza de Alsacia S/N	40.4182989182866	-3.62341766913486		http://www.crtm.es/tu-transporte-publico/metro/estaciones/4_323.aspx	0	est_4_323		0	No	No	No	Yes	No
100	METRO	2	2_18	par_4_40	40	Quevedo	Gta de Quevedo 1	40.433231082150606	-3.7042443778034904	A	http://www.crtm.es/tu-transporte-publico/metro/estaciones/4_40.aspx	0	est_4_40		0	No	No	No	No	No
101	METRO	2	2_16	par_4_38	38	Noviciado	Calle de San Bernardo 49	40.424851977439204	-3.7073280117182406	A	http://www.crtm.es/tu-transporte-publico/metro/estaciones/4_38.aspx	0	est_4_50		0	3/10	No	No	No	No
102	METRO	2	2_5	par_4_260	260	La Elipa	Avda del Marqués de Corbera 58	40.4266275173066	-3.6504314554157595	A	http://www.crtm.es/tu-transporte-publico/metro/estaciones/4_260.aspx	0	est_4_260		2	No	No	No	Yes	No
103	METRO	2	2_6	par_4_28	28	Ventas	Calle de Alcalá 204	40.430895154450795	-3.66357049769178	A	http://www.crtm.es/tu-transporte-publico/metro/estaciones/4_28.aspx	0	est_4_28		0	5	No	No	No	No
104	METRO	2	2_17	par_4_39	39	San Bernardo	Calle de San Bernardo 94	40.4300253572277	-3.705484161975	A	http://www.crtm.es/tu-transporte-publico/metro/estaciones/4_39.aspx	0	est_4_39		0	4	No	No	No	No
105	METRO	2	2_7	par_4_29	29	Manuel Becerra	Plaza de Manuel Becerra 1	40.4279169891656	-3.66916447729711	A	http://www.crtm.es/tu-transporte-publico/metro/estaciones/4_29.aspx	0	est_4_29		0	6	No	No	No	No
106	METRO	2	2_19	par_4_41	41	Canal	Calle de Bravo Murillo 40	40.4384202442553	-3.7042395710271605	A	http://www.crtm.es/tu-transporte-publico/metro/estaciones/4_41.aspx	0	est_4_41		2	7	No	No	Yes	No
107	METRO	2	2_15	par_4_37	37	Santo Domingo	Calle de San Bernardo 11	40.4213261767705	-3.70786867317035	A	http://www.crtm.es/tu-transporte-publico/metro/estaciones/4_37.aspx	0	est_4_37		0	No	No	No	No	No
108	METRO	2	2_14	par_4_36	36	Ópera	Plaza de Isabel II 9	40.418101019271795	-3.70933182480635	A	http://www.crtm.es/tu-transporte-publico/metro/estaciones/4_36.aspx	0	est_4_36		0	5/R	No	No	Yes	No
109	METRO	2	2_9	par_4_31	31	Príncipe de Vergara	Calle de Alcalá 123	40.422952720309894	-3.6800308920272897	A	http://www.crtm.es/tu-transporte-publico/metro/estaciones/4_31.aspx	0	est_4_31		0	9	No	No	No	No
110	METRO	2	2_10	par_4_32	32	Retiro	Calle de Alcalá 81	40.420312938167	-3.68615736017576	A	http://www.crtm.es/tu-transporte-publico/metro/estaciones/4_32.aspx	0	est_4_32		0	No	No	No	No	No
111	METRO	2	2_4	par_4_322	322	La Almudena	Calle de Arriaga 75	40.4236279454066	-3.6390506714897297		http://www.crtm.es/tu-transporte-publico/metro/estaciones/4_322.aspx	0	est_4_322		0	No	No	No	Yes	No
112	METRO	2	2_12	par_4_34	34	Sevilla	Calle de Alcalá 23	40.41806388661529	-3.69915920836527	A	http://www.crtm.es/tu-transporte-publico/metro/estaciones/4_34.aspx	0	est_4_34		0	No	No	No	No	No
113	METRO	2	2_2	par_4_324	324	Avenida de Guadalajara	Avda de Guadalajara 110	40.422405081593396	-3.61197421620932	A	http://www.crtm.es/tu-transporte-publico/metro/estaciones/4_324.aspx	0	est_4_324		0	No	No	No	Yes	No
114	METRO	2	2_8	par_4_30	30	Goya	Calle de Alcalá 96	40.4245540056606	-3.6758150563135294	A	http://www.crtm.es/tu-transporte-publico/metro/estaciones/4_30.aspx	0	est_4_30		2	4	No	No	Yes	No
115	METRO	2	2_1	par_4_325	325	Las Rosas	Paseo de Ginebra 35	40.4237574087979	-3.60321613823535	A	http://www.crtm.es/tu-transporte-publico/metro/estaciones/4_325.aspx	0	est_4_325		0	No	No	No	Yes	No
116	METRO	2	2_11	par_4_33	33	Banco de España	Calle de Alcalá 49	40.4192338873049	-3.69486897098674	A	http://www.crtm.es/tu-transporte-publico/metro/estaciones/4_33.aspx	0	est_4_33		0	No	No	No	No	No
117	METRO	2	2_20	par_4_6	6	Cuatro Caminos	Gta de Cuatro Caminos 2	40.446980884885896	-3.70388082041143	A	http://www.crtm.es/tu-transporte-publico/metro/estaciones/4_6.aspx	0	est_4_6		2	1/6	No	No	Yes	No
118	METRO	2	2_13	par_4_12	12	 Sol	Plaza de la Puerta del Sol 6	40.4168864401114	-3.70316633485051	A	http://www.crtm.es/tu-transporte-publico/metro/estaciones/4_12.aspx	0	est_4_12		1	1/3	No	C-3/C-4	Yes	No
119	METRO	3	3_7	par_4_267	267	Almendrales	Avda de Córdoba 21	40.384108325819504	-3.6977948155001803	A	http://www.crtm.es/tu-transporte-publico/metro/estaciones/4_267.aspx	0	est_4_267		2	No	No	No	Yes	No
120	METRO	3	3_17	par_4_52	52	Argüelles	Calle de Alberto Aguilera 72	40.4306731701139	-3.7158772626413703	A	http://www.crtm.es/tu-transporte-publico/metro/estaciones/4_52.aspx	0	est_4_52		0	4/6	No	No	Yes	No
121	METRO	3	3_16	par_4_51	51	Ventura Rodríguez	Calle de la Princesa 22	40.4270944402193	-3.71331654957604	A	http://www.crtm.es/tu-transporte-publico/metro/estaciones/4_51.aspx	0	est_4_51		2	No	No	No	Yes	No
122	METRO	3	3_15	par_4_50	50	Plaza de España	Plaza de España 1	40.423423391095	-3.7111087783819996	A	http://www.crtm.es/tu-transporte-publico/metro/estaciones/4_50.aspx	0	est_4_50		2	2/10	No	No	Yes	No
123	METRO	3	3_14	par_4_49	49	Callao	Plaza del Callao 3	40.4201420432192	-3.70556950258325	A	http://www.crtm.es/tu-transporte-publico/metro/estaciones/4_49.aspx	0	est_4_49		2	5	No	No	Yes	No
124	METRO	3	3_12	par_4_47	47	Lavapiés	Plaza de Lavapiés 7	40.4085223867625	-3.7008164794052796	A	http://www.crtm.es/tu-transporte-publico/metro/estaciones/4_47.aspx	0	est_4_47		2	No	No	No	Yes	No
125	METRO	3	3_11	par_4_46	46	Embajadores	Gta de Embajadores 10	40.405133298518294	-3.7025844005621202	A	http://www.crtm.es/tu-transporte-publico/metro/estaciones/4_46.aspx	0	est_4_46		2	5	No	C-5	Yes	No
126	METRO	3	3_10	par_4_45	45	Palos de la Frontera	Calle de Palos de la Frontera 33	40.4030852317516	-3.6941372298236503	A	http://www.crtm.es/tu-transporte-publico/metro/estaciones/4_45.aspx	0	est_4_45		2	No	No	No	Yes	No
127	METRO	3	3_9	par_4_44	44	Delicias	Paseo de las Delicias 60	40.3999142708875	-3.69410465907395	A	http://www.crtm.es/tu-transporte-publico/metro/estaciones/4_44.aspx	0	est_4_44		2	No	No	C-1/C-7/C-10	Yes	No
128	METRO	3	3_8	par_4_43	43	Legazpi	Plaza de Legazpi 2 B	40.3911610083226	-3.69502805955814	A	http://www.crtm.es/tu-transporte-publico/metro/estaciones/4_43.aspx	0	est_4_43		2	6	No	No	Yes	No
129	METRO	3	3_1	par_4_273	273	Villaverde Alto	Calle del Valle de Tobalina 56	40.341238547265704	-3.711893374678	A	http://www.crtm.es/tu-transporte-publico/metro/estaciones/4_273.aspx	0	est_4_273		2	No	No	C-4/C-5	Yes	No
130	METRO	3	3_2	par_4_272	272	San Cristóbal	Avda de Andalucía 81	40.341550927646	-3.69309402162661	A	http://www.crtm.es/tu-transporte-publico/metro/estaciones/4_272.aspx	0	est_4_272		2	No	No	No	Yes	No
131	METRO	3	3_3	par_4_271	271	Villaverde Bajo - Cruce	Avda de Andalucía 38	40.3509055593633	-3.6925539157120904	A	http://www.crtm.es/tu-transporte-publico/metro/estaciones/4_271.aspx	0	est_4_271		2	No	No	No	Yes	No
132	METRO	3	3_4	par_4_270	270	Ciudad de los Ángeles	Avda de Andalucía 38	40.359593385265704	-3.69353785340696	A	http://www.crtm.es/tu-transporte-publico/metro/estaciones/4_270.aspx	0	est_4_270		2	No	No	No	Yes	No
133	METRO	3	3_5	par_4_269	269	San Fermín - Orcasur	Avda de Andalucía 9	40.370004561633	-3.69408038297149	A	http://www.crtm.es/tu-transporte-publico/metro/estaciones/4_269.aspx	0	est_4_269		2	No	No	No	Yes	No
134	METRO	3	3_6	par_4_268	268	Hospital 12 de Octubre	Avda de Córdoba 49	40.375039529054106	-3.69575762430937	A	http://www.crtm.es/tu-transporte-publico/metro/estaciones/4_268.aspx	0	est_4_268		2	No	No	No	Yes	No
135	METRO	3	3_18	par_4_53	53	Moncloa	Plaza de la Moncloa 1	40.4350299167324	-3.71935436177629	A	http://www.crtm.es/tu-transporte-publico/metro/estaciones/4_53.aspx	0	est_4_53		2	6	No	No	Yes	No
136	METRO	3	3_13	par_4_12	12	Sol	Plaza de la Puerta del Sol 6	40.4168864401114	-3.70316633485051	A	http://www.crtm.es/tu-transporte-publico/metro/estaciones/4_12.aspx	0	est_4_12		1	2/3	No	C-3/C-4	Yes	No
137	METRO	4	4_8	par_4_30	30	Goya	Calle de Alcalá 96	40.4245540056606	-3.6758150563135294	A	http://www.crtm.es/tu-transporte-publico/metro/estaciones/4_30.aspx	0	est_4_30		2	2	No	No	Yes	No
138	METRO	4	4_1	par_4_52	52	Argüelles	Calle de Alberto Aguilera 72	40.4306731701139	-3.7158772626413703	A	http://www.crtm.es/tu-transporte-publico/metro/estaciones/4_52.aspx	0	est_4_52		0	3/6	No	No	Yes	No
139	METRO	4	4_6	par_4_59	59	Serrano	Calle de Goya 19	40.4254457627761	-3.6865395926973394	A	http://www.crtm.es/tu-transporte-publico/metro/estaciones/4_59.aspx	0	est_4_59		0	No	No	No	No	No
140	METRO	4	4_7	par_4_60	60	Velázquez	Calle de Núñez de Balboa 33	40.4250443588114	-3.68282220332219	A	http://www.crtm.es/tu-transporte-publico/metro/estaciones/4_60.aspx	0	est_4_60		0	No	No	No	No	No
141	METRO	4	4_9	par_4_62	62	Lista	Calle del Conde de Peñalver 45	40.429178487083895	-3.6753190531640603	A	http://www.crtm.es/tu-transporte-publico/metro/estaciones/4_62.aspx	0	est_4_62		0	No	No	No	No	No
142	METRO	4	4_10	par_4_63	63	Diego de León	Calle de Diego de León 69	40.4346855796707	-3.67486718039424	A	http://www.crtm.es/tu-transporte-publico/metro/estaciones/4_63.aspx	0	est_4_63		0	5/6	No	No	No	No
143	METRO	4	4_11	par_4_64	64	Avenida de América	Avda de América 9 A	40.438045070556996	-3.67655145021933	A	http://www.crtm.es/tu-transporte-publico/metro/estaciones/4_64.aspx	0	est_4_64		0	6/7/9	No	No	No	Yes
144	METRO	4	4_21	par_4_264	264	Hortaleza	Calle del Capitán Cortés 4	40.4753811529415	-3.65248251410407	A	http://www.crtm.es/tu-transporte-publico/metro/estaciones/4_264.aspx	0	est_4_264		2	No	No	No	Yes	No
145	METRO	4	4_23	par_4_263	263	Pinar de Chamartín	Calle de Arturo Soria 330	40.4801467240269	-3.6667097576830296	A	http://www.crtm.es/tu-transporte-publico/metro/estaciones/4_263.aspx	0	est_4_263		2	4	1	No	Yes	No
146	METRO	4	4_12	par_4_65	65	Prosperidad	Plaza de la Prosperidad 4	40.4441998146455	-3.67472649760585	A	http://www.crtm.es/tu-transporte-publico/metro/estaciones/4_65.aspx	0	est_4_65		0	No	No	No	No	No
147	METRO	4	4_14	par_4_67	67	Avenida de la Paz	Avda de Ramón y Cajal 107	40.453548752312706	-3.66109264393027	A	http://www.crtm.es/tu-transporte-publico/metro/estaciones/4_67.aspx	0	est_4_67		0	No	No	No	No	No
148	METRO	4	4_13	par_4_66	66	Alfonso XIII	Calle de López de Hoyos 190	40.4482578849755	-3.66782139286371	A	http://www.crtm.es/tu-transporte-publico/metro/estaciones/4_66.aspx	0	est_4_66		0	No	No	No	No	No
149	METRO	4	4_16	par_4_69	69	Esperanza	Calle de Andorra 51	40.4594553771147	-3.6457235917517	A	http://www.crtm.es/tu-transporte-publico/metro/estaciones/4_69.aspx	0	est_4_69		0	No	No	No	No	No
150	METRO	4	4_17	par_4_70	70	Canillas	Avda de Machupichu 64	40.4638182686618	-3.63550365763955	A	http://www.crtm.es/tu-transporte-publico/metro/estaciones/4_70.aspx	0	est_4_70		2	No	No	No	Yes	No
151	METRO	4	4_18	par_4_71	71	Mar de Cristal	Gta del Mar de Cristal 1 B	40.4694337749576	-3.63823429551767	A	http://www.crtm.es/tu-transporte-publico/metro/estaciones/4_71.aspx	0	est_4_71		2	8	No	No	Yes	No
152	METRO	4	4_22	par_4_265	265	Manoteras	Calle de Bacares 24	40.4768809334754	-3.66280791962602	A	http://www.crtm.es/tu-transporte-publico/metro/estaciones/4_265.aspx	0	est_4_265		2	No	No	No	Yes	No
153	METRO	4	4_3	par_4_9	9	Bilbao	Calle de Sagasta 2	40.429064043816204	-3.70209068081661	A	http://www.crtm.es/tu-transporte-publico/metro/estaciones/4_9.aspx	0	est_4_9		0	1	No	No	No	No
154	METRO	4	4_19	par_4_72	72	San Lorenzo	Avda de la Barranquilla 9	40.474480838499105	-3.6394853713332798	A	http://www.crtm.es/tu-transporte-publico/metro/estaciones/4_72.aspx	0	est_4_72		2	No	No	No	Yes	No
155	METRO	4	4_20	par_4_73	73	Parque de Santa María	Calle de Santa Virgilia 1	40.4771249933619	-3.6451496171439803	A	http://www.crtm.es/tu-transporte-publico/metro/estaciones/4_73.aspx	0	est_4_73		2	No	No	No	Yes	No
156	METRO	4	4_2	par_4_39	39	San Bernardo	Calle de San Bernardo 94	40.4300253572277	-3.705484161975	A	http://www.crtm.es/tu-transporte-publico/metro/estaciones/4_39.aspx	0	est_4_39		0	2	No	No	No	No
157	METRO	4	4_4	par_4_57	57	Alonso Martínez	Plaza de Alonso Martínez 4	40.4277324049997	-3.69585237643945	A	http://www.crtm.es/tu-transporte-publico/metro/estaciones/4_57.aspx	0	est_4_57		0	5/10	No	No	No	No
158	METRO	4	4_15	par_4_68	68	Arturo Soria	Calle de Arturo Soria 172	40.4558384828437	-3.65609098297255	A	http://www.crtm.es/tu-transporte-publico/metro/estaciones/4_68.aspx	0	est_4_68		0	No	No	No	No	No
159	METRO	4	4_5	par_4_58	58	Colón	Plaza de Colón 2	40.4254287181432	-3.69091289526203	A	http://www.crtm.es/tu-transporte-publico/metro/estaciones/4_58.aspx	0	est_4_58		0	No	No	C-1/C-2/C-7/C-8/C-10	No	No
160	METRO	5	5_14	par_4_57	57	Alonso Martínez	Plaza de Alonso Martínez 4	40.4277324049997	-3.69585237643945	A	http://www.crtm.es/tu-transporte-publico/metro/estaciones/4_57.aspx	0	est_4_57		0	4/10	No	No	No	No
161	METRO	5	5_16	par_4_11	11	Gran Vía	Calle   Gran Vía 23	40.4200213672871	-3.7017137637423096	A	http://www.crtm.es/tu-transporte-publico/metro/estaciones/4_11.aspx	0	est_4_11		0	5	No	No	No	No
162	METRO	5	5_17	par_4_49	49	Callao	Plaza del Callao 3	40.4201420432192	-3.70556950258325	A	http://www.crtm.es/tu-transporte-publico/metro/estaciones/4_49.aspx	0	est_4_49		2	3	No	No	Yes	No
163	METRO	5	5_10	par_4_28	28	Ventas	Calle de Alcalá 204	40.430895154450795	-3.66357049769178	A	http://www.crtm.es/tu-transporte-publico/metro/estaciones/4_28.aspx	0	est_4_28		0	2/6	No	No	No	No
164	METRO	5	5_18	par_4_36	36	Ópera	Plaza de Isabel II 9	40.418101019271795	-3.70933182480635	A	http://www.crtm.es/tu-transporte-publico/metro/estaciones/4_36.aspx	0	est_4_36		0	2/R	No	No	No	No
165	METRO	5	5_24	par_4_95	95	Urgel	Calle del Camino Viejo de Leganés 1	40.3933646209844	-3.7235178213393803	A	http://www.crtm.es/tu-transporte-publico/metro/estaciones/4_95.aspx	0	est_4_95		0	No	No	No	No	No
166	METRO	5	5_7	par_4_78	78	Pueblo Nuevo	Calle de Alcalá 372	40.4357065125315	-3.6427374356603597	A	http://www.crtm.es/tu-transporte-publico/metro/estaciones/4_78.aspx	0	est_4_78		0	7	No	No	Yes	No
167	METRO	5	5_32	par_4_103	103	 Casa de Campo	Ctra del Zoo 1	40.4032505862068	-3.76092145290442	A	http://www.crtm.es/tu-transporte-publico/metro/estaciones/4_103.aspx	0	est_4_103		2	10	No	No	Yes	No
168	METRO	5	5_1	par_4_252	252	Alameda de Osuna	Calle de la Corbeta 14	40.4578023713901	-3.58743346703206	A	http://www.crtm.es/tu-transporte-publico/metro/estaciones/4_252.aspx	0	est_4_252		2	No	No	No	Yes	No
169	METRO	5	5_2	par_4_253	253	El Capricho	Calle de Pinos de Osuna 15	40.4534809948886	-3.59391751685776	A	http://www.crtm.es/tu-transporte-publico/metro/estaciones/4_253.aspx	0	est_4_253		2	No	No	No	Yes	No
170	METRO	5	5_3	par_4_74	74	Canillejas	Calle de Alcalá 631	40.4494344894198	-3.6080683550470494	A	http://www.crtm.es/tu-transporte-publico/metro/estaciones/4_74.aspx	0	est_4_74		0	No	No	No	No	No
171	METRO	5	5_4	par_4_75	75	Torre Arias	Calle de Alcalá 557	40.44375707642	-3.6169080373219002	A	http://www.crtm.es/tu-transporte-publico/metro/estaciones/4_75.aspx	0	est_4_75		0	No	No	No	No	No
172	METRO	5	5_5	par_4_76	76	Suanzes	Calle de Alcalá 527	40.440857310550605	-3.62675064935866	A	http://www.crtm.es/tu-transporte-publico/metro/estaciones/4_76.aspx	0	est_4_76		0	No	No	No	No	No
173	METRO	5	5_6	par_4_77	77	Ciudad Lineal	Calle de Arturo Soria 2	40.438056688068	-3.63806717052867	A	http://www.crtm.es/tu-transporte-publico/metro/estaciones/4_77.aspx	0	est_4_77		0	No	No	No	No	No
174	METRO	5	5_25	par_4_96	96	Oporto	Gta del Valle de Oro 13	40.3884782901477	-3.73122978743281	A	http://www.crtm.es/tu-transporte-publico/metro/estaciones/4_96.aspx	0	est_4_96		0	6	No	No	No	No
175	METRO	5	5_23	par_4_94	94	Marqués de Vadillo	Gta del Marqués de Vadillo 4	40.397367184489106	-3.7158660838453597	A	http://www.crtm.es/tu-transporte-publico/metro/estaciones/4_94.aspx	0	est_4_94		0	No	No	No	No	No
176	METRO	5	5_8	par_4_79	79	Quintana	Calle de la Virgen del Sagrario 2	40.4335911616991	-3.6472681507341598	A	http://www.crtm.es/tu-transporte-publico/metro/estaciones/4_79.aspx	0	est_4_79		0	No	No	No	No	No
177	METRO	5	5_9	par_4_80	80	El Carmen	Calle de Raquel Méller 2	40.4319028881345	-3.65748523922342	A	http://www.crtm.es/tu-transporte-publico/metro/estaciones/4_80.aspx	0	est_4_80		0	No	No	No	No	No
178	METRO	5	5_12	par_4_83	83	Núñez de Balboa	Calle de Juan Bravo 20	40.432794010970504	-3.6824879521034104	A	http://www.crtm.es/tu-transporte-publico/metro/estaciones/4_83.aspx	0	est_4_83		0	9	No	No	No	No
179	METRO	5	5_13	par_4_84	84	Rubén Darío	Paseo de Eduardo Dato 33	40.433167123942205	-3.68944764592485	A	http://www.crtm.es/tu-transporte-publico/metro/estaciones/4_84.aspx	0	est_4_84		0	No	No	No	No	No
180	METRO	5	5_15	par_4_86	86	Chueca	Plaza de Chueca 7	40.4229385896497	-3.69752400796546	A	http://www.crtm.es/tu-transporte-publico/metro/estaciones/4_86.aspx	0	est_4_86		0	No	No	No	No	No
181	METRO	5	5_19	par_4_90	90	La Latina	Calle de San Millán 5	40.4112889853024	-3.70806991845056	A	http://www.crtm.es/tu-transporte-publico/metro/estaciones/4_90.aspx	0	est_4_90		0	No	No	No	No	No
182	METRO	5	5_26	par_4_97	97	Vista Alegre	Calle de la Oca 74	40.3888566631836	-3.73972866235427	A	http://www.crtm.es/tu-transporte-publico/metro/estaciones/4_97.aspx	0	est_4_97		0	No	No	No	No	No
183	METRO	5	5_20	par_4_91	91	Puerta de Toledo	Gta de Puerta de Toledo 1	40.407046052302604	-3.7109599471085604	A	http://www.crtm.es/tu-transporte-publico/metro/estaciones/4_91.aspx	0	est_4_91		0	No	No	No	No	No
184	METRO	5	5_31	par_4_102	102	Campamento	Avda del Padre Piquer 7	40.394816204733296	-3.7680376728873197	A	http://www.crtm.es/tu-transporte-publico/metro/estaciones/4_102.aspx	0	est_4_102		0	No	No	No	No	No
185	METRO	5	5_29	par_4_100	100	Aluche	Calle de Valmojado 293	40.38563945854521	-3.76071144226908	A	http://www.crtm.es/tu-transporte-publico/metro/estaciones/4_100.aspx	0	est_4_100		2	No	No	C-5	No	No
186	METRO	5	5_11	par_4_63	63	Diego de León	Calle de Diego de León 69	40.4346855796707	-3.67486718039424	A	http://www.crtm.es/tu-transporte-publico/metro/estaciones/4_63.aspx	0	est_4_63		0	4/6	No	No	No	No
187	METRO	5	5_30	par_4_101	101	Empalme	Calle de Tembleque 105	40.3905824197447	-3.7652560923649	A	http://www.crtm.es/tu-transporte-publico/metro/estaciones/4_101.aspx	0	est_4_101		2	No	No	No	Yes	No
188	METRO	5	5_28	par_4_99	99	 Eugenia de Montijo	Calle de Ocaña 86	40.38439586280221	-3.7511193691311604	A	http://www.crtm.es/tu-transporte-publico/metro/estaciones/4_99.aspx	0	est_4_99		2	No	No	No	Yes	No
189	METRO	5	5_22	par_4_93	93	 Pirámides	Paseo del Doctor Vallejo Nágera 37	40.4026116132765	-3.7112903886939703	A	http://www.crtm.es/tu-transporte-publico/metro/estaciones/4_93.aspx	0	est_4_93		2	No	No	C-1/C-7/C-10	Yes	No
190	METRO	5	5_21	par_4_92	92	Acacias	Paseo de las Acacias 20	40.4038838866314	-3.7065545968454505	A	http://www.crtm.es/tu-transporte-publico/metro/estaciones/4_92.aspx	0	est_4_46		0	3	No	C-5	No	No
191	METRO	5	5_27	par_4_98	98	Carabanchel	Gta del Ejército 1	40.38783322760921	-3.7447836230627596	A	http://www.crtm.es/tu-transporte-publico/metro/estaciones/4_98.aspx	0	est_4_98		0	No	No	No	No	No
192	METRO	6	6_1	par_4_104	104	Laguna	Calle de Cuart de Poblet 1	40.3992423177992	-3.7442023167036003	A	http://www.crtm.es/tu-transporte-publico/metro/estaciones/4_104.aspx	0	est_4_104		0	No	No	C-5	Yes	No
193	METRO	6	6_2	par_4_105	105	Carpetana	Calle   Vía Carpetana 141	40.392713998488105	-3.7409020030943902	A	http://www.crtm.es/tu-transporte-publico/metro/estaciones/4_105.aspx	0	est_4_105		0	No	No	No	Yes	No
194	METRO	6	6_7	par_4_43	43	Legazpi	Plaza de Legazpi 2 B	40.3911610083226	-3.69502805955814	A	http://www.crtm.es/tu-transporte-publico/metro/estaciones/4_43.aspx	0	est_4_43		2	3	No	No	Yes	No
195	METRO	6	6_4	par_4_107	107	Opañel	Calle del Valle de Oro 50 A	40.3869172056012	-3.7230364659152597	A	http://www.crtm.es/tu-transporte-publico/metro/estaciones/4_107.aspx	0	est_4_107		0	No	No	No	No	No
196	METRO	6	6_3	par_4_96	96	Oporto	Gta del Valle de Oro 13	40.3884782901477	-3.73122978743281	A	http://www.crtm.es/tu-transporte-publico/metro/estaciones/4_96.aspx	0	est_4_96		0	5	No	No	No	No
197	METRO	6	6_6	par_4_109	109	Usera	Calle de Amparo Usera 44	40.3871076595726	-3.70680339023247	A	http://www.crtm.es/tu-transporte-publico/metro/estaciones/4_109.aspx	0	est_4_109		0	No	No	No	Yes	No
198	METRO	6	6_9	par_4_111	111	Méndez Álvaro	Calle del Ombu 16	40.3953879579005	-3.67804493710263	A	http://www.crtm.es/tu-transporte-publico/metro/estaciones/4_111.aspx	0	est_4_111		0	No	No	C-1/C-5/C-7/C-10	No	No
199	METRO	6	6_11	par_4_113	113	Conde de Casal	Plaza del Conde de Casal 3	40.406982548873	-3.6703123847002	A	http://www.crtm.es/tu-transporte-publico/metro/estaciones/4_113.aspx	0	est_4_113		2	No	No	No	Yes	No
200	METRO	6	6_12	par_4_114	114	Sáinz de Baranda	Calle del Doctor Esquerdo 103	40.4150777290006	-3.66942621783707	A	http://www.crtm.es/tu-transporte-publico/metro/estaciones/4_114.aspx	0	est_4_114		0	9	No	No	Yes	No
201	METRO	6	6_13	par_4_115	115	O'Donnell	Calle del Doctor Esquerdo 47	40.4229028444709	-3.6685018143912407	A	http://www.crtm.es/tu-transporte-publico/metro/estaciones/4_115.aspx	0	est_4_115		0	No	No	No	No	No
202	METRO	6	6_17	par_4_119	119	República Argentina	Calle de Joaquín Costa 24	40.4438031702943	-3.6839671130074603	A	http://www.crtm.es/tu-transporte-publico/metro/estaciones/4_119.aspx	0	est_4_119		0	No	No	No	No	No
203	METRO	6	6_5	par_4_108	108	Plaza Elíptica	Plaza de Fernández Ladreda 2	40.3846135488641	-3.71827578486577	A	http://www.crtm.es/tu-transporte-publico/metro/estaciones/4_108.aspx	0	est_4_108		2	11	No	No	Yes	No
204	METRO	6	6_20	par_4_122	122	Guzmán el Bueno	Calle de Guzmán el Bueno 118	40.4463713791892	-3.71219961058775	A	http://www.crtm.es/tu-transporte-publico/metro/estaciones/4_122.aspx	0	est_4_122		2	7	No	No	Yes	No
205	METRO	6	6_8	par_4_259	259	 Arganzuela - Planetario	Calle del Bronce 1 A	40.3931097049875	-3.68854404252009	A	http://www.crtm.es/tu-transporte-publico/metro/estaciones/4_259.aspx	0	est_4_259		2	No	No	No	Yes	No
206	METRO	6	6_18	par_4_120	120	Nuevos Ministerios	Calle de Raimundo Fernández Villaverde 67	40.4466272794792	-3.6923209277956404	A	http://www.crtm.es/tu-transporte-publico/metro/estaciones/4_120.aspx	0	est_4_120		2	8/10	No	C-1/C-2/C-3/C-4/C-7/C-8/C-10	Yes	Yes
207	METRO	6	6_14	par_4_29	29	Manuel Becerra	Plaza de Manuel Becerra 1	40.4279169891656	-3.66916447729711	A	http://www.crtm.es/tu-transporte-publico/metro/estaciones/4_29.aspx	0	est_4_29		0	2	No	No	No	No
208	METRO	6	6_24	par_4_52	52	Argüelles	Calle de Alberto Aguilera 72	40.4306731701139	-3.7158772626413703	A	http://www.crtm.es/tu-transporte-publico/metro/estaciones/4_52.aspx	0	est_4_52		0	3/4	No	No	Yes	No
209	METRO	6	6_19	par_4_6	6	Cuatro Caminos	Gta de Cuatro Caminos 2	40.446980884885896	-3.70388082041143	A	http://www.crtm.es/tu-transporte-publico/metro/estaciones/4_6.aspx	0	est_4_6		2	1/2	No	No	Yes	No
210	METRO	6	6_21	par_4_123	123	Metropolitano	Avda de Gregorio del Amo 4	40.4464443149171	-3.71933454367146	A	http://www.crtm.es/tu-transporte-publico/metro/estaciones/4_123.aspx	0	est_4_123		0	No	No	No	No	No
211	METRO	6	6_10	par_4_18	18	Pacífico	Avda de la Ciudad de Barcelona 79	40.4012703839302	-3.67504008050794	A	http://www.crtm.es/tu-transporte-publico/metro/estaciones/4_18.aspx	0	est_4_18		0	1	No	No	Yes	No
212	METRO	6	6_16	par_4_64	64	Avenida de América	Avda de América 9 A	40.438045070556996	-3.67655145021933	A	http://www.crtm.es/tu-transporte-publico/metro/estaciones/4_64.aspx	0	est_4_64		0	4/7/9	No	No	No	Yes
213	METRO	6	6_15	par_4_63	63	Diego de León	Calle de Diego de León 69	40.4346855796707	-3.67486718039424	A	http://www.crtm.es/tu-transporte-publico/metro/estaciones/4_63.aspx	0	est_4_63		0	4/5	No	No	No	No
214	METRO	6	6_22	par_4_124	124	Ciudad Universitaria	Avda  Complutense 1	40.4435694719851	-3.72669716552082	A	http://www.crtm.es/tu-transporte-publico/metro/estaciones/4_124.aspx	0	est_4_124		2	No	No	No	Yes	Yes
215	METRO	6	6_28	par_4_130	130	Lucero	Calle de las Higueras 47	40.405109436689294	-3.7452450705341103	A	http://www.crtm.es/tu-transporte-publico/metro/estaciones/4_130.aspx	0	est_4_130		2	No	No	No	Yes	No
216	METRO	6	6_27	par_4_129	129	Alto de Extremadura	Paseo de Extremadura 154	40.4099342943914	-3.73883977453865	A	http://www.crtm.es/tu-transporte-publico/metro/estaciones/4_129.aspx	0	est_4_129		0	No	No	No	No	No
217	METRO	6	6_26	par_4_128	128	Puerta del Ángel	Paseo de Extremadura 26	40.4139093140669	-3.7271440820284103	A	http://www.crtm.es/tu-transporte-publico/metro/estaciones/4_128.aspx	0	est_4_128		0	No	No	No	No	No
218	METRO	6	6_23	par_4_53	53	Moncloa	Plaza de la Moncloa 1	40.4350299167324	-3.71935436177629	A	http://www.crtm.es/tu-transporte-publico/metro/estaciones/4_53.aspx	0	est_4_53		2	3	No	No	Yes	No
219	METRO	6	6_25	par_4_127	127	Príncipe Pío	Paseo de la Florida 2	40.421078651672204	-3.72023124459144	A	http://www.crtm.es/tu-transporte-publico/metro/estaciones/4_127.aspx	0	est_4_127		1	10/r	No	C-1/C-7/C-10	Yes	No
220	METRO	7	7_14	par_4_78	78	Pueblo Nuevo	Calle de Alcalá 372	40.4357065125315	-3.6427374356603597	A	http://www.crtm.es/tu-transporte-publico/metro/estaciones/4_78.aspx	0	est_4_78		0	5	No	No	Yes	No
221	METRO	7	7_18	par_4_64	64	Avenida de América	Avda de América 9 A	40.438045070556996	-3.67655145021933	A	http://www.crtm.es/tu-transporte-publico/metro/estaciones/4_64.aspx	0	est_4_64		0	4/6/9	No	No	No	Yes
222	METRO	7	7_21	par_4_41	41	Canal	Calle de Bravo Murillo 40	40.4384202442553	-3.7042395710271605	A	http://www.crtm.es/tu-transporte-publico/metro/estaciones/4_41.aspx	0	est_4_41		2	2	No	No	Yes	No
223	METRO	7	7_23	par_4_122	122	Guzmán el Bueno	Calle de Guzmán el Bueno 118	40.4463713791892	-3.71219961058775	A	http://www.crtm.es/tu-transporte-publico/metro/estaciones/4_122.aspx	0	est_4_122		2	6	No	No	Yes	No
224	METRO	7	7_29	par_4_152	152	Lacoma	Calle de Riscos de Polanco 3	40.485024687385895	-3.72295553638445	A	http://www.crtm.es/tu-transporte-publico/metro/estaciones/4_152.aspx	0	est_4_152		2	No	No	No	Yes	No
225	METRO	7	7_3	par_4_291	291	Jarama	Plaza   Guernica 1	40.422966030377104	-3.5254085348844906	B1	http://www.crtm.es/tu-transporte-publico/metro/estaciones/4_291.aspx	0	est_4_291		2	No	No	No	Yes	No
226	METRO	7	7_7	par_4_287	287	Barrio del Puerto	Avda de España 8	40.422506950778896	-3.56910265308964	B1	http://www.crtm.es/tu-transporte-publico/metro/estaciones/4_287.aspx	0	est_4_287		2	No	No	No	Yes	No
227	METRO	7	7_4	par_4_290	290	San Fernando	Calle de Gonzalo de Córdoba 24	40.424425051863	-3.5353219968083702	B1	http://www.crtm.es/tu-transporte-publico/metro/estaciones/4_290.aspx	0	est_4_290		2	No	No	No	Yes	No
228	METRO	7	7_8	par_4_286	286	Estadio Olímpico	Avda de Arcentales 28	40.433404402560704	-3.60006015194696	A	http://www.crtm.es/tu-transporte-publico/metro/estaciones/4_286.aspx	0	est_4_286		2	No	No	No	Yes	No
229	METRO	7	7_2	par_4_292	292	Henares	Avda de Algorta 12	40.4177782154296	-3.5270890868309395	B1	http://www.crtm.es/tu-transporte-publico/metro/estaciones/4_292.aspx	0	est_4_292		2	No	No	No	Yes	No
230	METRO	7	7_1	par_4_296	296	Hospital del Henares	Cmno del Tiro SN	40.4176183296078	-3.53444295013465	B1	http://www.crtm.es/tu-transporte-publico/metro/estaciones/4_296.aspx	0	est_4_296		2	No	No	No	Yes	No
231	METRO	7	7_30	par_4_154	154	Pitis	Ctra a la Estación de Pitis 19	40.4951147461731	-3.72580155124822	A	http://www.crtm.es/tu-transporte-publico/metro/estaciones/4_154.aspx	0	est_4_154		2	No	No	C-3/C-7/C-8	Yes	No
232	METRO	7	7_28	par_4_151	151	Avenida de la Ilustración	Calle de las Islas Cíes 23	40.4801077829121	-3.71831340406489	A	http://www.crtm.es/tu-transporte-publico/metro/estaciones/4_151.aspx	0	est_4_151		2	No	No	No	Yes	No
233	METRO	7	7_27	par_4_150	150	Peñagrande	Cmno de Ganapanes 35	40.475934682893296	-3.71573253632793	A	http://www.crtm.es/tu-transporte-publico/metro/estaciones/4_150.aspx	0	est_4_150		0	No	No	No	Yes	No
234	METRO	7	7_6	par_4_288	288	Coslada Central	Calle del Doctor Fleming 41	40.4237442738604	-3.5610971763066	B1	http://www.crtm.es/tu-transporte-publico/metro/estaciones/4_288.aspx	0	est_4_288		2	No	No	C-2/C-7/C-8	Yes	No
235	METRO	7	7_25	par_4_148	148	Valdezarza	Calle de San Restituto 70	40.464834823871996	-3.71588598535981	A	http://www.crtm.es/tu-transporte-publico/metro/estaciones/4_148.aspx	0	est_4_148		2	No	No	No	Yes	No
236	METRO	7	7_24	par_4_147	147	Francos Rodríguez	Avda de Pablo Iglesias 87	40.4564877711853	-3.7122946317547703	A	http://www.crtm.es/tu-transporte-publico/metro/estaciones/4_147.aspx	0	est_4_147		2	No	No	No	Yes	No
237	METRO	7	7_22	par_4_145	145	Islas Filipinas	Calle de Cea Bermúdez 54	40.439074275311896	-3.71364359979525	A	http://www.crtm.es/tu-transporte-publico/metro/estaciones/4_145.aspx	0	est_4_145		2	No	No	No	Yes	No
238	METRO	7	7_26	par_4_149	149	Antonio Machado	Calle de Valderrodrigo 55	40.470229469486	-3.7176065300791605	A	http://www.crtm.es/tu-transporte-publico/metro/estaciones/4_149.aspx	0	est_4_149		2	No	No	No	Yes	No
239	METRO	7	7_19	par_4_142	142	Gregorio Marañón	Calle de José Abascal 65	40.4382635307795	-3.6913979909818195	A	http://www.crtm.es/tu-transporte-publico/metro/estaciones/4_142.aspx	0	est_4_142		2	10	No	No	Yes	No
240	METRO	7	7_9	par_4_132	132	Las Musas	Avda de Niza 61	40.432994651802105	-3.60779055115493	A	http://www.crtm.es/tu-transporte-publico/metro/estaciones/4_132.aspx	0	est_4_132		0	No	No	No	No	No
241	METRO	7	7_10	par_4_133	133	San Blas	Calle de Pobladura del Valle 27	40.4279996188526	-3.61537294973069	A	http://www.crtm.es/tu-transporte-publico/metro/estaciones/4_133.aspx	0	est_4_133		0	No	No	No	No	No
242	METRO	7	7_11	par_4_134	134	Simancas	Calle del Castillo de Madrigal de las Altas Torres 15	40.427998624116604	-3.6256292134318002	A	http://www.crtm.es/tu-transporte-publico/metro/estaciones/4_134.aspx	0	est_4_134		0	No	No	No	No	No
243	METRO	7	7_12	par_4_135	135	García Noblejas	Calle de Luis del Campo 1	40.4284348057001	-3.63321351311783	A	http://www.crtm.es/tu-transporte-publico/metro/estaciones/4_135.aspx	0	est_4_135		0	No	No	No	No	No
244	METRO	7	7_20	par_4_143	143	Alonso Cano	Calle de José Abascal 18	40.43838803049071	-3.6991574849570603	A	http://www.crtm.es/tu-transporte-publico/metro/estaciones/4_143.aspx	0	est_4_143		2	No	No	No	Yes	No
245	METRO	7	7_5	par_4_289	289	La Rambla	Calle   Honduras 2	40.4251592231557	-3.54783525675035	B1	http://www.crtm.es/tu-transporte-publico/metro/estaciones/4_289.aspx	0	est_4_289		2	No	No	No	Yes	No
246	METRO	7	7_15	par_4_138	138	Barrio de la Concepción	Calle de Martínez Villergas 1	40.439105581506794	-3.65190763761812	A	http://www.crtm.es/tu-transporte-publico/metro/estaciones/4_138.aspx	0	est_4_138		0	No	No	No	No	No
247	METRO	7	7_16	par_4_139	139	Parque de las Avenidas	Avda de Bruselas 56	40.439457614348605	-3.6628764890011	A	http://www.crtm.es/tu-transporte-publico/metro/estaciones/4_139.aspx	0	est_4_139		0	No	No	No	No	No
248	METRO	7	7_17	par_4_140	140	Cartagena	Avda de América 35	40.439350532969996	-3.6720604585410697	A	http://www.crtm.es/tu-transporte-publico/metro/estaciones/4_140.aspx	0	est_4_140		0	No	No	No	No	No
249	METRO	7	7_13	par_4_136	136	Ascao	Calle de Ascao 29	40.430211900731294	-3.6409638965416495	A	http://www.crtm.es/tu-transporte-publico/metro/estaciones/4_136.aspx	0	est_4_136		0	No	No	No	No	No
250	METRO	8	8_1	par_4_120	120	Nuevos Ministerios	Calle de Raimundo Fernández Villaverde 67	40.4466272794792	-3.6923209277956404	A	http://www.crtm.es/tu-transporte-publico/metro/estaciones/4_120.aspx	0	est_4_120		2	6/10	No	C-1/C-2/C-3/C-4/C-7/C-8/C-10	Yes	Yes
251	METRO	8	8_8	par_4_285	285	Aeropuerto T4	Ctra de Alcobendas a Barajas SN	40.4917726630076	-3.59315759638883	A	http://www.crtm.es/tu-transporte-publico/metro/estaciones/4_285.aspx	0	est_4_285		2	No	No	C-1	Yes	Yes
252	METRO	8	8_3	par_4_258	258	Pinar del Rey	Avda de la Gran Vía de Hortaleza 47	40.4680068480795	-3.64857750335852	A	http://www.crtm.es/tu-transporte-publico/metro/estaciones/4_258.aspx	0	est_4_258		2	No	No	No	Yes	No
253	METRO	8	8_4	par_4_71	71	Mar de Cristal	Gta del Mar de Cristal 1 B	40.4694337749576	-3.63823429551767	A	http://www.crtm.es/tu-transporte-publico/metro/estaciones/4_71.aspx	0	est_4_71		2	4	No	No	Yes	No
254	METRO	8	8_6	par_4_159	159	Aeropuerto T1-T2-T3	Avda de la Hispanidad SN	40.4686580343994	-3.56944486837831	A	http://www.crtm.es/tu-transporte-publico/metro/estaciones/4_159.aspx	0	est_4_159		2	No	No	No	Yes	Yes
255	METRO	8	8_5	par_4_158	158	Campo de las Naciones	Avda del Partenón 5	40.463905235356705	-3.6161133437501403	A	http://www.crtm.es/tu-transporte-publico/metro/estaciones/4_158.aspx	0	est_4_158		2	No	No	No	Yes	Yes
256	METRO	8	8_2	par_4_156	156	Colombia	Calle del Príncipe de Vergara 258	40.4563500849265	-3.6767350340623097	A	http://www.crtm.es/tu-transporte-publico/metro/estaciones/4_156.aspx	0	est_4_156		2	9	No	No	Yes	No
257	METRO	8	8_7	par_4_160	160	Barajas	Cmno  Viejo de Hortaleza 10	40.475782400532395	-3.58243477487965	A	http://www.crtm.es/tu-transporte-publico/metro/estaciones/4_160.aspx	0	est_4_160		2	No	No	No	Yes	No
258	METRO	9	9_12	par_4_64	64	Avenida de América	Avda de América 9 A	40.438045070556996	-3.67655145021933	A	http://www.crtm.es/tu-transporte-publico/metro/estaciones/4_64.aspx	0	est_4_64		0	4/6/7	No	No	No	Yes
259	METRO	9	9_14	par_4_31	31	Príncipe de Vergara	Calle de Alcalá 123	40.422952720309894	-3.6800308920272897	A	http://www.crtm.es/tu-transporte-publico/metro/estaciones/4_31.aspx	0	est_4_31		0	2	No	No	No	No
260	METRO	9	9_6	par_4_1	1	Plaza de Castilla	Paseo de la Castellana 189	40.4669075950714	-3.6890848237703198	A	http://www.crtm.es/tu-transporte-publico/metro/estaciones/4_1.aspx	0	est_4_1		0	1/10	No	No	Yes	Yes
261	METRO	9	9_24	par_4_182	182	Puerta de Arganda	Calle de San Cipriano 85	40.401327028725795	-3.5958864494904	A	http://www.crtm.es/tu-transporte-publico/metro/estaciones/4_182.aspx	0	est_4_182		2	No	No	C-2/C-7/C-8	Yes	No
262	METRO	9	9_16	par_4_114	114	Sáinz de Baranda	Calle del Doctor Esquerdo 103	40.4150777290006	-3.66942621783707	A	http://www.crtm.es/tu-transporte-publico/metro/estaciones/4_114.aspx	0	est_4_114		0	6	No	No	Yes	No
263	METRO	9	9_25	par_4_183	183	Rivas Urbanizaciones	Plaza de Galicia 5	40.366783875131	-3.54718565025818	B1	http://www.crtm.es/tu-transporte-publico/metro/estaciones/4_183.aspx	0	est_4_183		2	No	No	No	Yes	No
264	METRO	9	9_22	par_4_180	180	Vicálvaro	Calle de San Cipriano 11	40.4042238766516	-3.6087690769634997	A	http://www.crtm.es/tu-transporte-publico/metro/estaciones/4_180.aspx	0	est_4_180		2	No	No	No	Yes	No
265	METRO	9	9_28	par_4_185	185	La Poveda	Parcela   9017 Polígono 1 S/N	40.3190295598001	-3.47735763734831	B3	http://www.crtm.es/tu-transporte-publico/metro/estaciones/4_185.aspx	0	est_4_185		2	No	No	No	Yes	No
266	METRO	9	9_29	par_4_186	186	Arganda del Rey	Paseo de la Estación 37	40.3036804369704	-3.4474314178448395	B3	http://www.crtm.es/tu-transporte-publico/metro/estaciones/4_186.aspx	0	est_4_186		2	No	No	No	Yes	No
267	METRO	9	9_26	par_4_300	300	Rivas Futura	Calle   Concepción Arenal 1	40.341356310010205	-3.5247042098453303	B1	http://www.crtm.es/tu-transporte-publico/metro/estaciones/4_300.aspx	0	est_4_300		2	No	No	No	Yes	No
268	METRO	9	9_2	par_4_326	326	Mirasierra	Avda del Ventisquero de la Condesa 28	40.491102295244296	-3.71625946331181		http://www.crtm.es/tu-transporte-publico/metro/estaciones/4_326.aspx	0	est_4_326		0	No	No	No	Yes	No
269	METRO	9	9_1	par_4_345	345	Paco de Lucía	Calle de Monasterio de Las Huelgas 5	40.4996604762776	-3.70898645720715		http://www.crtm.es/tu-transporte-publico/metro/estaciones/4_345.aspx	0	est_4_345		0	No	No	No	Yes	No
270	METRO	9	9_21	par_4_179	179	Valdebernardo	Bulv de Indalecio Prieto 26	40.4000572179933	-3.62146998699223	A	http://www.crtm.es/tu-transporte-publico/metro/estaciones/4_179.aspx	0	est_4_179		2	No	No	No	Yes	No
271	METRO	9	9_20	par_4_178	178	Pavones	Calle de la Hacienda de Pavones 342	40.400524101445704	-3.63502590565169	A	http://www.crtm.es/tu-transporte-publico/metro/estaciones/4_178.aspx	0	est_4_178		0	No	No	No	No	No
272	METRO	9	9_19	par_4_177	177	Artilleros	Calle del Camino de los Vinateros 210	40.405234893262	-3.64171682635368	A	http://www.crtm.es/tu-transporte-publico/metro/estaciones/4_177.aspx	0	est_4_177		0	No	No	No	No	No
273	METRO	9	9_13	par_4_83	83	Núñez de Balboa	Calle de Juan Bravo 20	40.432794010970504	-3.6824879521034104	A	http://www.crtm.es/tu-transporte-publico/metro/estaciones/4_83.aspx	0	est_4_83		0	5	No	No	No	No
274	METRO	9	9_27	par_4_184	184	Rivas Vaciamadrid	Calle   Areneros 6	40.3283841264011	-3.52050725422535	B2	http://www.crtm.es/tu-transporte-publico/metro/estaciones/4_184.aspx	0	est_4_184		2	No	No	No	Yes	No
275	METRO	9	9_17	par_4_175	175	Estrella	Calle del Camino de los Vinateros 1	40.4114826194163	-3.6616943849464203	A	http://www.crtm.es/tu-transporte-publico/metro/estaciones/4_175.aspx	0	est_4_175		0	No	No	No	No	No
276	METRO	9	9_15	par_4_173	173	 Ibiza	Calle de Ibiza 1	40.4184032599878	-3.67848811649612	A	http://www.crtm.es/tu-transporte-publico/metro/estaciones/4_173.aspx	0	est_4_173		0	No	No	No	No	No
277	METRO	9	9_11	par_4_169	169	Cruz del Rayo	Calle del Príncipe de Vergara 138	40.4442790359878	-3.6781232828573702	A	http://www.crtm.es/tu-transporte-publico/metro/estaciones/4_169.aspx	0	est_4_169		0	No	No	No	No	No
278	METRO	9	9_10	par_4_168	168	Concha Espina	Calle del Príncipe de Vergara 210	40.451455021791894	-3.6772873618915702	A	http://www.crtm.es/tu-transporte-publico/metro/estaciones/4_168.aspx	0	est_4_168		0	No	No	No	No	No
279	METRO	9	9_8	par_4_166	166	Pío XII	Avda de Pío XII 27	40.4630136756058	-3.67570497879593	A	http://www.crtm.es/tu-transporte-publico/metro/estaciones/4_166.aspx	0	est_4_166		0	No	No	No	No	No
280	METRO	9	9_7	par_4_165	165	Duque de Pastrana	Calle de Mateo Inurria 41	40.4676334795508	-3.6790776734628903	A	http://www.crtm.es/tu-transporte-publico/metro/estaciones/4_165.aspx	0	est_4_165		0	No	No	No	No	No
281	METRO	9	9_5	par_4_163	163	Ventilla	Avda de Asturias 39	40.4694439765254	-3.69578730620169	A	http://www.crtm.es/tu-transporte-publico/metro/estaciones/4_163.aspx	0	est_4_163		0	No	No	No	No	No
282	METRO	9	9_4	par_4_162	162	Barrio del Pilar	Calle de Ginzo de Limia 22	40.476895257702296	-3.7030723998167097	A	http://www.crtm.es/tu-transporte-publico/metro/estaciones/4_162.aspx	0	est_4_162		0	No	No	No	No	No
283	METRO	9	9_3	par_4_161	161	Herrera Oria	Calle de Valencia de Don Juan 1	40.4846703563828	-3.70742465339435	A	http://www.crtm.es/tu-transporte-publico/metro/estaciones/4_161.aspx	0	est_4_161		0	No	No	No	No	No
284	METRO	9	9_9	par_4_156	156	Colombia	Calle del Príncipe de Vergara 258	40.4563500849265	-3.6767350340623097	A	http://www.crtm.es/tu-transporte-publico/metro/estaciones/4_156.aspx	0	est_4_156		2	9	No	No	Yes	No
285	METRO	9	9_23	par_4_181	181	San Cipriano	Calle de San Cipriano 68	40.403825285442295	-3.6023075219985596	A	http://www.crtm.es/tu-transporte-publico/metro/estaciones/4_181.aspx	0	est_4_181		2	No	No	No	Yes	No
286	METRO	9	9_18	par_4_176	176	Vinateros	Calle del Camino de los Vinateros 70	40.4102547958684	-3.65264272021582	A	http://www.crtm.es/tu-transporte-publico/metro/estaciones/4_176.aspx	0	est_4_176		0	No	No	No	No	No
287	METRO	R	R_2	par_4_127	127	Príncipe Pío	Paseo de la Florida 2	40.421078651672204	-3.72023124459144	A	http://www.crtm.es/tu-transporte-publico/metro/estaciones/4_127.aspx	0	est_4_127		1	6/10	No	C-1/C-7/C-10	Yes	No
288	METRO	R	R_1	par_4_36	36	Ópera	Plaza de Isabel II 9	40.418101019271795	-3.70933182480635	A	http://www.crtm.es/tu-transporte-publico/metro/estaciones/4_36.aspx	0	est_4_36		0	2/5	No	No	Yes	No
289	ML	1	1_1	par_10_1	1	Pinar de Chamartín	Calle de Arturo Soria 330	40.4801465198578	-3.66674514942541	A	http://www.crtm.es/tu-transporte-publico/metro-ligero/estaciones/10_1.aspx	0	est_10_1		2	1/4	No	No	Yes	No
290	ML	1	1_2	par_10_2	2	Fuente de la Mora	Calle de Dulce Chacón 15	40.4848247380077	-3.6631574289835203	A	http://www.crtm.es/tu-transporte-publico/metro-ligero/estaciones/10_2.aspx	0	est_10_2		2	No	No	C-1/C-7/C-10	Yes	No
291	ML	1	1_3	par_10_3	3	Virgen del Cortijo	Avda de Manoteras 54	40.4873511761159	-3.66089325497265	A	http://www.crtm.es/tu-transporte-publico/metro-ligero/estaciones/10_3.aspx	0	est_10_3		2	No	No	No	Yes	No
292	ML	1	1_4	par_10_4	4	Antonio Saura	Calle del Príncipe Carlos 10	40.4854656558071	-3.6534414803704	A	http://www.crtm.es/tu-transporte-publico/metro-ligero/estaciones/10_4.aspx	0	est_10_4		2	No	No	No	Yes	No
293	ML	1	1_5	par_10_5	5	Álvarez de Villaamil	Calle del Príncipe Carlos 13 B	40.489054426796606	-3.65126978486273	A	http://www.crtm.es/tu-transporte-publico/metro-ligero/estaciones/10_5.aspx	0	est_10_5		2	No	No	No	Yes	No
294	ML	1	1_6	par_10_6	6	Blasco Ibáñez	Calle del Príncipe Carlos 50	40.4936866543398	-3.6557514833676805	A	http://www.crtm.es/tu-transporte-publico/metro-ligero/estaciones/10_6.aspx	0	est_10_6		2	No	No	No	Yes	No
295	ML	1	1_7	par_10_7	7	María Tudor	Calle de María Tudor 15	40.4971737824759	-3.65879466658364	A	http://www.crtm.es/tu-transporte-publico/metro-ligero/estaciones/10_7.aspx	0	est_10_7		2	No	No	No	Yes	No
296	ML	1	1_8	par_10_8	8	Palas de Rey	Calle de Palas de Rey 18 A	40.5054445051445	-3.6649774042894703	A	http://www.crtm.es/tu-transporte-publico/metro-ligero/estaciones/10_8.aspx	0	est_10_8		2	No	No	No	Yes	No
297	ML	1	1_9	par_10_9	9	Las Tablas	Calle de Palas de Rey 30	40.5082487195176	-3.66923052072699	A	http://www.crtm.es/tu-transporte-publico/metro-ligero/estaciones/10_9.aspx	0	est_10_9		2	10	No	No	Yes	No
298	ML	2	2_12	par_10_22	22	Berna	Calle   Plutón 1	40.4448763236969	-3.79110578375431	B1	http://www.crtm.es/tu-transporte-publico/metro-ligero/estaciones/10_22.aspx	0	est_10_22		2	No	No	No	Yes	No
299	ML	2	2_11	par_10_21	21	Avenida de Europa	Avda   Comunidad de Madrid 3	40.439314136679705	-3.79296246485784	B1	http://www.crtm.es/tu-transporte-publico/metro-ligero/estaciones/10_21.aspx	0	est_10_21		2	No	No	No	Yes	No
300	ML	2	2_5	par_10_14	14	Somosaguas Sur	Calle   Veritas 4	40.4153721190565	-3.7924337943974704	B1	http://www.crtm.es/tu-transporte-publico/metro-ligero/estaciones/10_14.aspx	0	est_10_14		2	No	No	No	Yes	No
301	ML	2	2_1	par_10_10	10	Colonia Jardín	Calle de Arenas de San Pedro 2	40.3969894844388	-3.77447250975779	A	http://www.crtm.es/tu-transporte-publico/metro-ligero/estaciones/10_10.aspx	0	est_10_10		2	10	3	No	Yes	No
302	ML	2	2_13	par_10_23	23	Estación de Aravaca	Calle de la Golondrina 104	40.4483357732024	-3.78581622755961	A	http://www.crtm.es/tu-transporte-publico/metro-ligero/estaciones/10_23.aspx	0		Europe/Madrid	2	No	No	C-7/C-10	Yes	No
303	ML	2	2_10	par_10_20	20	Campus de Somosaguas	Avda del Cerro SN	40.4333892401783	-3.79515647725654	B1	http://www.crtm.es/tu-transporte-publico/metro-ligero/estaciones/10_20.aspx	0		Europe/Madrid	2	No	No	No	Yes	No
304	ML	2	2_8	par_10_18	18	Bélgica	Via de las Dos Castillas 5	40.430592317420505	-3.8074550323382206	B1	http://www.crtm.es/tu-transporte-publico/metro-ligero/estaciones/10_18.aspx	0		Europe/Madrid	2	No	No	No	Yes	No
305	ML	2	2_7	par_10_16	16	Pozuelo Oeste	Ctra   Carabanchel (M-502) 63	40.423082301373604	-3.80438288554524	B1	http://www.crtm.es/tu-transporte-publico/metro-ligero/estaciones/10_16.aspx	0		Europe/Madrid	2	No	No	No	Yes	No
306	ML	2	2_6	par_10_15	15	Somosaguas Centro	Ctra   Carabanchel (M-502) 36	40.4193743757613	-3.79864548241651	B1	http://www.crtm.es/tu-transporte-publico/metro-ligero/estaciones/10_15.aspx	0		Europe/Madrid	2	No	No	No	Yes	No
307	ML	2	2_4	par_10_13	13	Prado del Rey	Avda   Radio y Televisión 4	40.410478694507	-3.7873910424746096	B1	http://www.crtm.es/tu-transporte-publico/metro-ligero/estaciones/10_13.aspx	0		Europe/Madrid	2	No	No	No	Yes	No
308	ML	2	2_3	par_10_12	12	Colonia de los Ángeles	Ctra   M-502 (Carabanchel) 1900	40.4072203704496	-3.78431250539841	B1	http://www.crtm.es/tu-transporte-publico/metro-ligero/estaciones/10_12.aspx	0		Europe/Madrid	2	No	No	No	Yes	No
309	ML	2	2_2	par_10_11	11	Prado de la Vega	Ctra   M-502 (Carabanchel) 1200	40.402305081966894	-3.78112083656754	B1	http://www.crtm.es/tu-transporte-publico/metro-ligero/estaciones/10_11.aspx	0		Europe/Madrid	2	No	No	No	Yes	No
310	ML	2	2_9	par_10_19	19	Dos Castillas	Via de las Dos Castillas 11 D	40.4325434710534	-3.80152465535664	B1	http://www.crtm.es/tu-transporte-publico/metro-ligero/estaciones/10_19.aspx	0		Europe/Madrid	2	No	No	No	Yes	No
311	ML	3	3_12	par_10_34	34	Boadilla Centro	Ctra de Boadilla-Majadahonda 40	40.4071446638255	-3.8799476316188697	B2	http://www.crtm.es/tu-transporte-publico/metro-ligero/estaciones/10_34.aspx	0		Europe/Madrid	2	No	No	No	Yes	No
312	ML	3	3_7	par_10_29	29	Montepríncipe	Avda del Montepríncipe 1	40.397932443089	-3.8357103612264902	B1	http://www.crtm.es/tu-transporte-publico/metro-ligero/estaciones/10_29.aspx	0	est_10_29		2	No	No	No	Yes	No
313	ML	3	3_5	par_10_39	39	Cocheras	Ctra de Boadilla del Monte 90	40.396888668787795	-3.8037646920441497	B1	http://www.crtm.es/tu-transporte-publico/metro-ligero/estaciones/10_39.aspx	0		Europe/Madrid	2	No	No	No	Yes	No
314	ML	3	3_16	par_10_38	38	Puerta de Boadilla	Avda   Siglo XXI SN	40.4077813229577	-3.9036912590171498	B2	http://www.crtm.es/tu-transporte-publico/metro-ligero/estaciones/10_38.aspx	0		Europe/Madrid	2	No	No	No	Yes	No
315	ML	3	3_15	par_10_37	37	Infante Don Luis	Avda del Siglo XXI 11	40.405957139042	-3.8973148260452795	B2	http://www.crtm.es/tu-transporte-publico/metro-ligero/estaciones/10_37.aspx	0		Europe/Madrid	2	No	No	No	Yes	No
316	ML	3	3_14	par_10_36	36	Siglo XXI	Avda del Siglo XXI 1	40.405138231147	-3.89254292808721	B2	http://www.crtm.es/tu-transporte-publico/metro-ligero/estaciones/10_36.aspx	0		Europe/Madrid	2	No	No	No	Yes	No
317	ML	3	3_13	par_10_35	35	Nuevo Mundo	Avda del Nuevo Mundo 6 B	40.4056505581518	-3.88566737217457	B2	http://www.crtm.es/tu-transporte-publico/metro-ligero/estaciones/10_35.aspx	0		Europe/Madrid	2	No	No	No	Yes	No
318	ML	3	3_11	par_10_33	33	Ferial de Boadilla	Ctra de Boadilla-Villaviciosa 13 A	40.4019695431789	-3.8792910292332796	B2	http://www.crtm.es/tu-transporte-publico/metro-ligero/estaciones/10_33.aspx	0		Europe/Madrid	2	No	No	No	Yes	No
319	ML	3	3_9	par_10_31	31	Prado del Espino	Calle   Labradores 1	40.3950257655849	-3.8476459207079396	B2	http://www.crtm.es/tu-transporte-publico/metro-ligero/estaciones/10_31.aspx	0		Europe/Madrid	2	No	No	No	Yes	No
320	ML	3	3_8	par_10_30	30	Ventorro del Cano	Avda del Tranvía SN	40.394213050699896	-3.8380209398327403	B1	http://www.crtm.es/tu-transporte-publico/metro-ligero/estaciones/10_30.aspx	0		Europe/Madrid	2	No	No	No	Yes	No
321	ML	3	3_6	par_10_28	28	Retamares	Ctra   Boadilla-Carabanchel (M-511) SN	40.398726259591605	-3.8166542727002697	B1	http://www.crtm.es/tu-transporte-publico/metro-ligero/estaciones/10_28.aspx	0		Europe/Madrid	2	No	No	No	Yes	No
322	ML	3	3_4	par_10_27	27	Ciudad del Cine	Calle   José Isbert 20	40.394558612874	-3.7954771636104705	B1	http://www.crtm.es/tu-transporte-publico/metro-ligero/estaciones/10_27.aspx	0		Europe/Madrid	2	No	No	No	Yes	No
323	ML	3	3_3	par_10_26	26	José Isbert	Calle   José Isbert 2	40.395263910108795	-3.7898413896240895	B1	http://www.crtm.es/tu-transporte-publico/metro-ligero/estaciones/10_26.aspx	0		Europe/Madrid	2	No	No	No	Yes	No
324	ML	3	3_2	par_10_25	25	Ciudad de la Imagen	Calle   Juan de Orduña 4	40.3970971204062	-3.7839004331587796	B1	http://www.crtm.es/tu-transporte-publico/metro-ligero/estaciones/10_25.aspx	0		Europe/Madrid	2	No	No	No	Yes	No
325	ML	3	3_1	par_10_10	10	Colonia Jardín	Calle de Arenas de San Pedro 2	40.3969894844388	-3.77447250975779	A	http://www.crtm.es/tu-transporte-publico/metro-ligero/estaciones/10_10.aspx	0	est_10_10		2	10	2	No	Yes	No
326	ML	3	3_10	par_10_32	32	Cantabria	Avda de Cantabria 3	40.3952988767495	-3.8642987423139	B2	http://www.crtm.es/tu-transporte-publico/metro-ligero/estaciones/10_32.aspx	0		Europe/Madrid	2	No	No	No	Yes	No
327	ML	4	4_4	par_10_67	67	Jaime I Sur (vuelta)	Avda de los Planetas 6	40.2347111297787	-3.75230760446693	B2	http://www.crtm.es/tu-transporte-publico/metro-ligero/estaciones/10_67.aspx	0		Europe/Madrid	2	No	No	No	Yes	No
328	ML	4	4_3	par_10_66	66	Jaime I Norte (ida)	Avda de las Estrellas 5	40.2341521242391	-3.74959774997782	B2	http://www.crtm.es/tu-transporte-publico/metro-ligero/estaciones/10_66.aspx	0		Europe/Madrid	2	No	No	No	Yes	No
329	ML	4	4_2	par_10_65	65	Estrella Polar Sur (vuelta)	Avda de los Planetas 9	40.230728796217605	-3.7537328470775897	B2	http://www.crtm.es/tu-transporte-publico/metro-ligero/estaciones/10_65.aspx	0		Europe/Madrid	2	No	No	No	Yes	No
330	ML	4	4_1	par_10_64	64	Estrella Polar Norte (ida)	Avda de las Estrellas 25	40.2301608137658	-3.7510230411226897	B2	http://www.crtm.es/tu-transporte-publico/metro-ligero/estaciones/10_64.aspx	0		Europe/Madrid	2	No	No	No	Yes	No
331	ML	4	4_19	par_10_63	63	Venus Sur (vuelta)	Avda de los Planetas 32	40.2268457681485	-3.75512376771519	B2	http://www.crtm.es/tu-transporte-publico/metro-ligero/estaciones/10_63.aspx	0		Europe/Madrid	2	No	No	No	Yes	No
332	ML	4	4_18	par_10_62	62	Venus Norte (ida)	Avda de las Estrellas 20	40.2262778165812	-3.75241410590826	B2	http://www.crtm.es/tu-transporte-publico/metro-ligero/estaciones/10_62.aspx	0		Europe/Madrid	2	No	No	No	Yes	No
333	ML	4	4_17	par_10_61	61	Tierra Sur (vuelta)	Avda de los Planetas 31	40.222556414895294	-3.7566510497208303	B2	http://www.crtm.es/tu-transporte-publico/metro-ligero/estaciones/10_61.aspx	0		Europe/Madrid	2	No	No	No	Yes	No
334	ML	4	4_16	par_10_60	60	Tierra Norte (ida)	Avda de las Estrellas 34	40.2219613183945	-3.7539647518232697	B2	http://www.crtm.es/tu-transporte-publico/metro-ligero/estaciones/10_60.aspx	0		Europe/Madrid	2	No	No	No	Yes	No
335	ML	4	4_15	par_10_59	59	Avenida Sistema Solar	Avda del Sistema Solar 9	40.223440319446794	-3.76062172048455	B2	http://www.crtm.es/tu-transporte-publico/metro-ligero/estaciones/10_59.aspx	0		Europe/Madrid	2	No	No	No	Yes	No
336	ML	4	4_11	par_10_55	55	Bulevar Sur	Calle   San Antón 4	40.234741820397396	-3.77226823186137	B2	http://www.crtm.es/tu-transporte-publico/metro-ligero/estaciones/10_55.aspx	0		Europe/Madrid	2	No	No	No	Yes	No
337	ML	4	4_13	par_10_57	57	Isabel II	Calle   Reyes Católicos 73	40.2311504635075	-3.76498663162076	B2	http://www.crtm.es/tu-transporte-publico/metro-ligero/estaciones/10_57.aspx	0		Europe/Madrid	2	No	No	No	Yes	No
338	ML	4	4_12	par_10_56	56	Reyes Católicos	Calle   Reyes Católicos 37	40.2314241743714	-3.76990313394975	B2	http://www.crtm.es/tu-transporte-publico/metro-ligero/estaciones/10_56.aspx	0		Europe/Madrid	2	No	No	No	Yes	No
339	ML	4	4_10	par_10_54	54	Iglesia Centro	Calle   Real 28	40.2377176869276	-3.77049166664552	B2	http://www.crtm.es/tu-transporte-publico/metro-ligero/estaciones/10_54.aspx	0		Europe/Madrid	2	No	No	No	Yes	No
340	ML	4	4_9	par_10_53	53	Parla Centro - Bulevar Norte	Calle  Real 81	40.2408057932177	-3.7694451030376	B2	http://www.crtm.es/tu-transporte-publico/metro-ligero/estaciones/10_53.aspx	0		Europe/Madrid	2	No	No	C-4	Yes	No
341	ML	4	4_8	par_10_52	52	La Ballena	Calle   Real 94	40.2459982061463	-3.76625893189452	B2	http://www.crtm.es/tu-transporte-publico/metro-ligero/estaciones/10_52.aspx	0		Europe/Madrid	2	No	No	No	Yes	No
342	ML	4	4_7	par_10_51	51	Julio Romero de Torres	Calle   Julio Romero de Torres 2	40.2453581284575	-3.7622308162056295	B2	http://www.crtm.es/tu-transporte-publico/metro-ligero/estaciones/10_51.aspx	0		Europe/Madrid	2	No	No	No	Yes	No
343	ML	4	4_6	par_10_50	50	Plaza de Toros	Calle   Desconocida SN	40.2441101028853	-3.7574670712038998	B2	http://www.crtm.es/tu-transporte-publico/metro-ligero/estaciones/10_50.aspx	0		Europe/Madrid	2	No	No	No	Yes	No
344	ML	4	4_14	par_10_58	58	Parque Parla Este	Calle del paraguay 16	40.2281741809284	-3.7613799167049105	B2	http://www.crtm.es/tu-transporte-publico/metro-ligero/estaciones/10_58.aspx	0		Europe/Madrid	2	No	No	No	Yes	No
345	ML	4	4_5	par_10_68	68	Polígono Industrial Ciudad de Parla	Calle   Berlín 52	40.2386788584258	-3.7503530232810003	B2	http://www.crtm.es/tu-transporte-publico/metro-ligero/estaciones/10_68.aspx	0		Europe/Madrid	2	No	No	No	Yes	No
346	CR	1	1_5	par_5_11	11	Atocha	Avda de la Ciudad de Barcelona 2 B	40.4066011651398	-3.6892118408395898	A	http://www.crtm.es/tu-transporte-publico/cercanias-renfe/estaciones/5_11.aspx	0	est_90_54		2	1	No	C-2/C-3/C-4/C-5/C-7/C-8/C-10	No	Yes
347	CR	1	1_6	par_5_65	65	Recoletos	Paseo de Recoletos 20	40.423420623761295	-3.6907626799938704	A	http://www.crtm.es/tu-transporte-publico/cercanias-renfe/estaciones/5_65.aspx	0		Europe/Madrid	0	4	No	C-2/C-7/C-8/C-10	No	No
348	CR	1	1_1	par_5_61	61	Príncipe Pío	Paseo de la Florida 2	40.4210790188043	-3.7201723106450295	A	http://www.crtm.es/tu-transporte-publico/cercanias-renfe/estaciones/5_61.aspx	0	est_90_18		0	6/10/R	No	C-7/C-10	No	No
349	CR	1	1_2	par_5_57	57	Pirámides	Paseo del Doctor Vallejo Nágera 37	40.4026028948529	-3.71124315951466	A	http://www.crtm.es/tu-transporte-publico/cercanias-renfe/estaciones/5_57.aspx	0		Europe/Madrid	1	5	No	C-7/C-10	No	No
350	CR	1	1_7	par_5_51	51	Nuevos Ministerios	Calle de Raimundo Fernández Villaverde 67	40.4466277031815	-3.6922501798623597	A	http://www.crtm.es/tu-transporte-publico/cercanias-renfe/estaciones/5_51.aspx	0	est_90_71		2	6/8/10	No	C-2/C-3/C-4/C-7/C-8/C-10	No	Yes
351	CR	1	1_10	par_5_144	144	Valdebebas	Av. de las Fuerzas Armadas 322	40.4822881	-3.6184822	A	http://www.crtm.es/tu-transporte-publico/cercanias-renfe/estaciones/5_144.aspx	0		Europe/Madrid	0	No	No	No	Yes	No
352	CR	1	1_3	par_5_25	25	Delicias	Calle de Ramírez de Prado 3 B	40.400382320912	-3.6926718217550896	A	http://www.crtm.es/tu-transporte-publico/cercanias-renfe/estaciones/5_25.aspx	0		Europe/Madrid	1	3	No	C-7/C-10	No	No
353	CR	1	1_8	par_5_18	18	Chamartín	Calle de Agustín de Foxá 40	40.4721094623497	-3.68237859937536	A	http://www.crtm.es/tu-transporte-publico/cercanias-renfe/estaciones/5_18.aspx	0	est_90_25		2	1/10	No	C-2/C-3/C-4/C-7/C-8/C-10	No	Yes
354	CR	1	1_11	par_5_142	142	Aeropuerto T4	Ctra de Alcobendas a Barajas SN	40.4917812474987	-3.59324027187479	A	http://www.crtm.es/tu-transporte-publico/cercanias-renfe/estaciones/5_142.aspx	0	est_90_33		2	8	No	No	Yes	Yes
355	CR	1	1_9	par_5_133	133	Fuente de la Mora	Calle de Dulce Chacón 15	40.4847551076476	-3.66273198940419	A	http://www.crtm.es/tu-transporte-publico/cercanias-renfe/estaciones/5_133.aspx	0		Europe/Madrid	2	No	1	C-7/C-10	No	No
356	CR	1	1_4	par_5_46	46	Méndez Álvaro	Calle del Ombu 16	40.3953883033481	-3.6779860250306404	A	http://www.crtm.es/tu-transporte-publico/cercanias-renfe/estaciones/5_46.aspx	0	est_90_13		1	6	No	C-5/C-7/C-10	No	No
357	CR	2	2_11	par_5_90	90	Vicálvaro	Calle de San Cipriano 85	40.40132727162921	-3.59583931493827	A	http://www.crtm.es/tu-transporte-publico/cercanias-renfe/estaciones/5_90.aspx	0		Europe/Madrid	0	9	No	C-7	No	No
358	CR	2	2_13	par_5_87	87	Vallecas	Avda de la Democracia 1	40.3822212818191	-3.6244633059562896	A	http://www.crtm.es/tu-transporte-publico/cercanias-renfe/estaciones/5_87.aspx	0		Europe/Madrid	1	1	No	C-7	No	No
359	CR	2	2_8	par_5_81	81	Torrejón de Ardoz	Paseo   Estación 3	40.454614888402	-3.4797310604898	B2	http://www.crtm.es/tu-transporte-publico/cercanias-renfe/estaciones/5_81.aspx	0		Europe/Madrid	0	No	No	C-7	No	No
360	CR	2	2_12	par_5_75	75	Santa Eugenia	Avda de Santa Eugenia 2	40.386997622806604	-3.6089673976787697	A	http://www.crtm.es/tu-transporte-publico/cercanias-renfe/estaciones/5_75.aspx	0		Europe/Madrid	0	No	No	C-7	No	No
361	CR	2	2_14	par_5_59	59	El Pozo	Avda de Entrevías 140	40.3759107464157	-3.6561396279574705	A	http://www.crtm.es/tu-transporte-publico/cercanias-renfe/estaciones/5_59.aspx	0		Europe/Madrid	0	No	No	C-7	No	No
362	CR	2	2_3	par_5_45	45	Meco	Trva de la Calera 3	40.534629296321	-3.29857120296861	C1	http://www.crtm.es/tu-transporte-publico/cercanias-renfe/estaciones/5_45.aspx	0		Europe/Madrid	0	No	No	No	No	No
363	CR	2	2_9	par_5_71	71	San Fernando	Calle   Estación de ferrocarril 6	40.4426754342948	-3.5337569967628504	B1	http://www.crtm.es/tu-transporte-publico/cercanias-renfe/estaciones/5_71.aspx	0		Europe/Madrid	0	No	No	C-7	No	No
364	CR	2	2_4	par_5_3	3	Alcalá de Henares Universidad	Ctra del  Campus SN	40.5053487667517	-3.33532393016683	B3	http://www.crtm.es/tu-transporte-publico/cercanias-renfe/estaciones/5_3.aspx	0		Europe/Madrid	0	No	No	No	No	No
365	CR	2	2_10	par_5_22	22	Coslada	Calle de Luis Braille 8	40.4237445026866	-3.56105002582089	B1	http://www.crtm.es/tu-transporte-publico/cercanias-renfe/estaciones/5_22.aspx	0		Europe/Madrid	1	7	No	C-7	No	No
366	CR	2	2_5	par_5_2	2	Alcalá de Henares	Calle   Pedro Lainez 2	40.489038872521206	-3.36625200624717	B3	http://www.crtm.es/tu-transporte-publico/cercanias-renfe/estaciones/5_2.aspx	0		Europe/Madrid	0	No	No	C-7	No	No
367	CR	2	2_7	par_5_143	143	Soto del Henares	Paseo de la Democracia 17	40.463542902172996	-3.44124824645267	B2	http://www.crtm.es/tu-transporte-publico/cercanias-renfe/estaciones/5_143.aspx	0		Europe/Madrid	0	No	No	C-7	No	No
368	CR	2	2_2	par_5_12	12	Azuqueca	Paseo de la Estacion SN	40.5610431126363	-3.26537808007204	C1	http://www.crtm.es/tu-transporte-publico/cercanias-renfe/estaciones/5_12.aspx	0		Europe/Madrid	1	No	No	No	No	No
369	CR	2	2_6	par_5_106	106	La Garena	Calle   Fausto Elhuyar 6	40.480446323851105	-3.3930812823770804	B3	http://www.crtm.es/tu-transporte-publico/cercanias-renfe/estaciones/5_106.aspx	0		Europe/Madrid	1	No	No	C-7	No	No
370	CR	2	2_15	par_5_10	10	Asamblea de Madrid-Entrevías	Calle del Vizconde de Arlessón 45	40.381681158248604	-3.66791743399165	A	http://www.crtm.es/tu-transporte-publico/cercanias-renfe/estaciones/5_10.aspx	0		Europe/Madrid	0	No	No	C-7	No	No
371	CR	2	2_1	par_5_38	38	Guadalajara	Plaza de la Estación SN	40.6440936102746	-3.18230377067774	C2	http://www.crtm.es/tu-transporte-publico/cercanias-renfe/estaciones/5_38.aspx	0		Europe/Madrid	0	No	No	No	No	No
372	CR	3	3_21	par_5_74	74	San Yago	Avda   Saltos del Sil 1	40.6178702391272	-4.03101363862753	C1	http://www.crtm.es/tu-transporte-publico/cercanias-renfe/estaciones/5_74.aspx	0		Europe/Madrid	0	No	No	C-8	No	No
373	CR	3	3_1	par_5_8	8	Aranjuez	Calle de la Estación 5	40.0348477748241	-3.61821249344168	C1	http://www.crtm.es/tu-transporte-publico/cercanias-renfe/estaciones/5_8.aspx	0		Europe/Madrid	0	No	No	No	No	No
374	CR	3	3_18	par_5_82	82	Torrelodones	Plaza de Salvador Sánchez Frascuelo 6	40.574513990894	-3.95644911190209	B3	http://www.crtm.es/tu-transporte-publico/cercanias-renfe/estaciones/5_82.aspx	0		Europe/Madrid	1	No	No	C-8/C-10	No	No
375	CR	3	3_22	par_5_96	96	Las Zorreras	Calle   Alcudia 26	40.6094209154972	-4.045966653208771	C1	http://www.crtm.es/tu-transporte-publico/cercanias-renfe/estaciones/5_96.aspx	0		Europe/Madrid	0	No	No	C-8	No	No
376	CR	3	3_20	par_5_91	91	Villalba	Plaza de la Estación 1	40.6263702008332	-4.00800585940991	B3	http://www.crtm.es/tu-transporte-publico/cercanias-renfe/estaciones/5_91.aspx	0		Europe/Madrid	1	No	No	C-8/C-10	No	Yes
377	CR	3	3_9	par_5_93	93	Villaverde Bajo	Paseo de la Estación 2	40.3526507971254	-3.6838931087357905	A	http://www.crtm.es/tu-transporte-publico/cercanias-renfe/estaciones/5_93.aspx	0		Europe/Madrid	2	No	No	C-4	Yes	No
378	CR	3	3_7	par_5_70	70	San Cristóbal Industrial	Acces a la Colonia Marconi 11	40.3319230119497	-3.69862254904323	A	http://www.crtm.es/tu-transporte-publico/cercanias-renfe/estaciones/5_70.aspx	0		Europe/Madrid	1	No	No	No	Yes	No
379	CR	3	3_3	par_5_86	86	Valdemoro	Paseo de la Estación 86	40.1960570665724	-3.66471800184914	B3	http://www.crtm.es/tu-transporte-publico/cercanias-renfe/estaciones/5_86.aspx	0		Europe/Madrid	2	No	No	No	Yes	No
380	CR	3	3_8	par_5_69	69	San Cristóbal de los Ángeles	Calle de Paterna 17	40.342372290069605	-3.6837539734577502	A	http://www.crtm.es/tu-transporte-publico/cercanias-renfe/estaciones/5_69.aspx	0		Europe/Madrid	2	No	No	No	Yes	No
381	CR	3	3_23	par_5_29	29	El Escorial	Calle   Estación Renfe 5	40.585275313349705	-4.13223833076811	C1	http://www.crtm.es/tu-transporte-publico/cercanias-renfe/estaciones/5_29.aspx	0		Europe/Madrid	1	No	No	C-8	No	No
382	CR	3	3_15	par_5_58	58	Pitis	Ctra a la Estación de Pitis 19	40.495115042597604	-3.72575435236588	A	http://www.crtm.es/tu-transporte-publico/cercanias-renfe/estaciones/5_58.aspx	0		Europe/Madrid	1	7	No	C-7/C-8	No	No
383	CR	3	3_4	par_5_56	56	Pinto	Calle del Ferrocarril 4	40.2428012031304	-3.70364259838166	B2	http://www.crtm.es/tu-transporte-publico/cercanias-renfe/estaciones/5_56.aspx	0		Europe/Madrid	0	No	No	No	No	No
384	CR	3	3_16	par_5_55	55	Pinar de las Rozas	Lugar   Estación Ferrocarril El Pinar 1	40.5223060941516	-3.8820657658893998	B2	http://www.crtm.es/tu-transporte-publico/cercanias-renfe/estaciones/5_55.aspx	0		Europe/Madrid	0	No	No	C-8/C-10	No	Yes
385	CR	3	3_17	par_5_44	44	Las Matas	Plaza del Ferrocarril 1	40.5525253841785	-3.8967411356931203	B2	http://www.crtm.es/tu-transporte-publico/cercanias-renfe/estaciones/5_44.aspx	0		Europe/Madrid	1	No	No	C-8/C-10	No	Yes
386	CR	3	3_5	par_5_35	35	Getafe Industrial	Paseo de John Lennon 15400	40.305489829189895	-3.7075993552501	B1	http://www.crtm.es/tu-transporte-publico/cercanias-renfe/estaciones/5_35.aspx	0		Europe/Madrid	0	No	No	No	No	No
387	CR	3	3_19	par_5_33	33	Galapagar - La Navata	Ctra de Galapagar-La Navata 154	40.6001201927881	-3.98176360815813	B3	http://www.crtm.es/tu-transporte-publico/cercanias-renfe/estaciones/5_33.aspx	0		Europe/Madrid	0	No	No	C-8/C-10	No	No
388	CR	3	3_2	par_5_19	19	Ciempozuelos	Avda de San Juan de Dios 7	40.1590780625469	-3.60993229369721	B3	http://www.crtm.es/tu-transporte-publico/cercanias-renfe/estaciones/5_19.aspx	0		Europe/Madrid	0	No	No	No	No	No
389	CR	3	3_11	par_5_122	122	Sol	Plaza de la Puerta del Sol 6	40.4168514100817	-3.7030009543679907	A	http://www.crtm.es/tu-transporte-publico/cercanias-renfe/estaciones/5_122.aspx	0	est_90_58		0	1/2/3	No	C-4	Yes	No
390	CR	3	3_6	par_5_103	103	El Casar	Avda del Casar 2	40.3184768004104	-3.7097475447627097	B1	http://www.crtm.es/tu-transporte-publico/cercanias-renfe/estaciones/5_103.aspx	0		Europe/Madrid	2	12	No	No	Yes	No
391	CR	3	3_14	par_5_64	64	Ramón y Cajal	Calle de San Modesto 50	40.4882522939954	-3.6946481959126496	A	http://www.crtm.es/tu-transporte-publico/cercanias-renfe/estaciones/5_64.aspx	0		Europe/Madrid	0	No	No	C-7/C-8	No	No
392	CR	4	4_1	par_5_53	53	Parla	Calle  Real 81	40.240779939933894	-3.7692684670888297	B2	http://www.crtm.es/tu-transporte-publico/cercanias-renfe/estaciones/5_53.aspx	0		Europe/Madrid	2	No	4	No	Yes	No
393	CR	4	4_5	par_5_92	92	Villaverde Alto	Calle del Valle de Tobalina 56	40.3412389095586	-3.71183451015835	A	http://www.crtm.es/tu-transporte-publico/cercanias-renfe/estaciones/5_92.aspx	0		Europe/Madrid	2	3	No	C-5	No	No
394	CR	4	4_14	par_5_85	85	Valdelasfuentes (C-4a)	Calle del Marqués de la Valdavia 140	40.547450679886204	-3.65424433859137	B1	http://www.crtm.es/tu-transporte-publico/cercanias-renfe/estaciones/5_85.aspx	0		Europe/Madrid	2	No	No	No	Yes	No
395	CR	4	4_13	par_5_84	84	Universidad P. Comillas (C-4a)	Ctra del Goloso SN	40.5540663923206	-3.68324540394647	B1	http://www.crtm.es/tu-transporte-publico/cercanias-renfe/estaciones/5_84.aspx	0		Europe/Madrid	2	No	No	No	Yes	No
396	CR	4	4_17	par_5_83	83	Tres Cantos (C-4b)	Plaza de la Estación 1	40.598445766728396	-3.7155602151020597	B2	http://www.crtm.es/tu-transporte-publico/cercanias-renfe/estaciones/5_83.aspx	0		Europe/Madrid	1	No	No	No	Yes	No
397	CR	4	4_4	par_5_43	43	Las Margaritas - Universidad	Calle   Madrid 152	40.323052580859	-3.7272864336254306	B1	http://www.crtm.es/tu-transporte-publico/cercanias-renfe/estaciones/5_43.aspx	0		Europe/Madrid	2	No	No	No	Yes	No
398	CR	4	4_2	par_5_36	36	Getafe Sector 3	Calle del Cementerio Municipal SN	40.2882594725019	-3.73724253672422	B1	http://www.crtm.es/tu-transporte-publico/cercanias-renfe/estaciones/5_36.aspx	0		Europe/Madrid	2	No	No	No	Yes	No
399	CR	4	4_16	par_5_37	37	El Goloso (C-4b)	Ctra de Colmenar Viejo SN	40.558583101112	-3.71397804023902	B1	http://www.crtm.es/tu-transporte-publico/cercanias-renfe/estaciones/5_37.aspx	0		Europe/Madrid	0	No	No	No	No	No
400	CR	4	4_15	par_5_4	4	Alcobendas - S.S. de los Reyes (C-4a)	Plaza de Francisco Casillas 1	40.546575591925205	-3.6350924942275094	B1	http://www.crtm.es/tu-transporte-publico/cercanias-renfe/estaciones/5_4.aspx	0		Europe/Madrid	2	No	No	No	Yes	No
401	CR	4	4_12	par_5_15	15	Cantoblanco Universidad	Calle de Freud 3	40.5437936933619	-3.70025235112853	B1	http://www.crtm.es/tu-transporte-publico/cercanias-renfe/estaciones/5_15.aspx	0		Europe/Madrid	2	No	No	No	Yes	No
402	CR	4	4_18	par_5_21	21	Colmenar Viejo (C-4b)	Calle de la Doctora Nogales de la Morena SN	40.6449747266778	-3.7756407081293397	B3	http://www.crtm.es/tu-transporte-publico/cercanias-renfe/estaciones/5_21.aspx	0		Europe/Madrid	2	No	No	No	No	No
403	CR	4	4_11	par_5_31	31	Fuencarral	Calle de Antonio de Cabezón 10	40.5015691134975	-3.68225218377436	A	http://www.crtm.es/tu-transporte-publico/cercanias-renfe/estaciones/5_31.aspx	0		Europe/Madrid	2	No	No	No	Yes	No
404	CR	4	4_3	par_5_34	34	Getafe Centro	Calle  Ferrocarril 2	40.3101101574552	-3.7338437082439397	B1	http://www.crtm.es/tu-transporte-publico/cercanias-renfe/estaciones/5_34.aspx	0		Europe/Madrid	2	12	No	No	Yes	No
405	CR	5	5_18	par_5_95	95	Zarzaquemada	Avda   Europa 14	40.3408651674076	-3.74821098376834	B1	http://www.crtm.es/tu-transporte-publico/cercanias-renfe/estaciones/5_95.aspx	0		Europe/Madrid	1	No	No	No	No	No
406	CR	5	5_21	par_5_77	77	La Serna	Calle   Barcelona 28	40.2967328627135	-3.7923873322420003	B2	http://www.crtm.es/tu-transporte-publico/cercanias-renfe/estaciones/5_77.aspx	0		Europe/Madrid	1	No	No	No	No	No
407	CR	5	5_9	par_5_7	7	Aluche	Calle de Valmojado 293	40.385639846032	-3.7606525397607404	A	http://www.crtm.es/tu-transporte-publico/cercanias-renfe/estaciones/5_7.aspx	0	est_90_1		0	5	No	No	No	No
408	CR	5	5_16	par_5_62	62	Puente Alcocer	Calle de Alcocer 54	40.350298433469	-3.7050647920732795	A	http://www.crtm.es/tu-transporte-publico/cercanias-renfe/estaciones/5_62.aspx	0		Europe/Madrid	0	No	No	No	No	No
409	CR	5	5_15	par_5_52	52	Orcasitas	Calle de Campotejar 24	40.3669156270104	-3.7043192311254303	A	http://www.crtm.es/tu-transporte-publico/cercanias-renfe/estaciones/5_52.aspx	0		Europe/Madrid	0	No	No	No	No	No
410	CR	5	5_4	par_5_5	5	Alcorcón	Avda de Móstoles 12	40.350088208669796	-3.8316340093151497	B1	http://www.crtm.es/tu-transporte-publico/cercanias-renfe/estaciones/5_5.aspx	0		Europe/Madrid	1	12	No	No	No	No
411	CR	5	5_1	par_5_49	49	Móstoles - El Soto	Calle   Granada 17	40.3309024566344	-3.88224085064992	B2	http://www.crtm.es/tu-transporte-publico/cercanias-renfe/estaciones/5_49.aspx	0		Europe/Madrid	0	No	No	No	No	No
412	CR	5	5_2	par_5_48	48	Móstoles	Paseo de la Estación 13	40.3285131038066	-3.86339907310142	B2	http://www.crtm.es/tu-transporte-publico/cercanias-renfe/estaciones/5_48.aspx	0		Europe/Madrid	1	12	No	No	No	No
413	CR	5	5_5	par_5_72	72	San José de Valderas	Calle de Sahagún 36	40.3565433759808	-3.81579179255598	B1	http://www.crtm.es/tu-transporte-publico/cercanias-renfe/estaciones/5_72.aspx	0		Europe/Madrid	0	No	No	No	No	No
414	CR	5	5_10	par_5_40	40	Laguna	Calle de Cuart de Poblet 1	40.3991887229175	-3.74413102406784	A	http://www.crtm.es/tu-transporte-publico/cercanias-renfe/estaciones/5_40.aspx	0		Europe/Madrid	0	6	No	No	No	No
415	CR	5	5_19	par_5_41	41	Leganés	Calle  Virgen del Camino 1	40.3289921512769	-3.77138744820868	B1	http://www.crtm.es/tu-transporte-publico/cercanias-renfe/estaciones/5_41.aspx	0		Europe/Madrid	1	12	No	No	No	No
416	CR	5	5_7	par_5_1	1	Las Águilas	Avda del General Fanjul 110	40.3811944339821	-3.7801818832285696	A	http://www.crtm.es/tu-transporte-publico/cercanias-renfe/estaciones/5_1.aspx	0		Europe/Madrid	0	No	No	No	No	No
417	CR	5	5_23	par_5_104	104	Humanes	Calle   Cenicientos 26	40.255660506545404	-3.82837195835634	B3	http://www.crtm.es/tu-transporte-publico/cercanias-renfe/estaciones/5_104.aspx	0		Europe/Madrid	1	No	No	No	No	No
418	CR	5	5_20	par_5_105	105	Parque Polvoranca	Calle   Alcalde Francisco Moreno Menéndez 4	40.3125159337883	-3.78325102527616	B1	http://www.crtm.es/tu-transporte-publico/cercanias-renfe/estaciones/5_105.aspx	0		Europe/Madrid	1	No	No	No	No	No
419	CR	5	5_3	par_5_66	66	Las Retamas	Avda de Retamas 2	40.3419027014314	-3.84232998157746	B1	http://www.crtm.es/tu-transporte-publico/cercanias-renfe/estaciones/5_66.aspx	0		Europe/Madrid	1	No	No	No	No	No
420	CR	5	5_14	par_5_26	26	Doce de Octubre	Avda de Córdoba 39	40.378968823860895	-3.69851928058378	A	http://www.crtm.es/tu-transporte-publico/cercanias-renfe/estaciones/5_26.aspx	0		Europe/Madrid	0	No	No	No	No	No
421	CR	5	5_6	par_5_24	24	Cuatro Vientos	Paseo de Extremadura 567 A	40.3777131916194	-3.7913444859579504	A	http://www.crtm.es/tu-transporte-publico/cercanias-renfe/estaciones/5_24.aspx	0		Europe/Madrid	1	10	No	No	No	No
422	CR	5	5_11	par_5_28	28	Embajadores	Gta de Embajadores 1	40.405133584937296	-3.7025372643519106	A	http://www.crtm.es/tu-transporte-publico/cercanias-renfe/estaciones/5_28.aspx	0		Europe/Madrid	1	3/5	No	No	No	No
423	CR	5	5_8	par_5_30	30	Fanjul	Avda del General Fanjul 27	40.3836601949576	-3.7684764339245294	A	http://www.crtm.es/tu-transporte-publico/cercanias-renfe/estaciones/5_30.aspx	0		Europe/Madrid	0	No	No	No	No	No
424	CR	5	5_22	par_5_32	32	Fuenlabrada	Plaza  Constitución 1	40.2826888663979	-3.79876380807025	B2	http://www.crtm.es/tu-transporte-publico/cercanias-renfe/estaciones/5_32.aspx	0		Europe/Madrid	1	12	No	No	No	No
425	CR	7	7_22	par_5_9	9	Aravaca	Calle de la Golondrina 104	40.4483360938325	-3.78576906207162	A	http://www.crtm.es/tu-transporte-publico/cercanias-renfe/estaciones/5_9.aspx	0		Europe/Madrid	1	No	2	C-10	No	No
426	CR	7	7_18	par_5_68	68	Las Rozas	Calle de la Vía de Servicio de las Rozas 1	40.494242023891395	-3.8680333825642204	B2	http://www.crtm.es/tu-transporte-publico/cercanias-renfe/estaciones/5_68.aspx	0		Europe/Madrid	0	No	No	C-10	No	Yes
427	CR	7	7_21	par_5_60	60	Pozuelo	Calle   Estación 2	40.4472743567471	-3.8000251574227204	B1	http://www.crtm.es/tu-transporte-publico/cercanias-renfe/estaciones/5_60.aspx	0		Europe/Madrid	0	No	No	C-10	No	No
428	CR	7	7_20	par_5_13	13	El Barrial - C.C. Pozuelo	Via   Ferrocarril SN	40.4653831832569	-3.8076474278486403	B1	http://www.crtm.es/tu-transporte-publico/cercanias-renfe/estaciones/5_13.aspx	0		Europe/Madrid	0	No	No	C-10	No	Yes
429	CR	7	7_19	par_5_42	42	Majadahonda	Cmno   Estación del Plantío 6	40.474285233963705	-3.8452561987825202	B2	http://www.crtm.es/tu-transporte-publico/cercanias-renfe/estaciones/5_42.aspx	0		Europe/Madrid	1	No	No	C-10	No	Yes
430	CR	8	8_20	par_5_20	20	Collado Mediano (C-8b)	Paseo de los Rosales 47	40.692759921718995	-4.03577699260154	C1	http://www.crtm.es/tu-transporte-publico/cercanias-renfe/estaciones/5_20.aspx	0		Europe/Madrid	0	No	No	No	No	No
431	CR	8	8_21	par_5_47	47	Los Molinos (C-8b)	Gta de la Estación 2	40.7073509340203	-4.0667220143667295	C2	http://www.crtm.es/tu-transporte-publico/cercanias-renfe/estaciones/5_47.aspx	0		Europe/Madrid	0	No	No	No	No	No
432	CR	8	8_18	par_5_50	50	Los Negrales (C8-b)	Avda de la Reina Victoria 47	40.6385815868385	-4.02180081138074	C1	http://www.crtm.es/tu-transporte-publico/cercanias-renfe/estaciones/5_50.aspx	0		Europe/Madrid	0	No	No	No	No	No
433	CR	8	8_19	par_5_6	6	Alpedrete (C-8b)	Cmno de la Estación 36	40.658165812941	-4.03496961859464	C1	http://www.crtm.es/tu-transporte-publico/cercanias-renfe/estaciones/5_6.aspx	0		Europe/Madrid	0	No	No	No	No	No
434	CR	8	8_16	par_5_67	67	Robledo de Chavela (C-8a)	Calle de Francisco Quevedo 295	40.5207856635014	-4.24661486910806	C2	http://www.crtm.es/tu-transporte-publico/cercanias-renfe/estaciones/5_67.aspx	0		Europe/Madrid	0	No	No	No	No	No
435	CR	8	8_17	par_5_76	76	Santa María de la Alameda (C-8a)	Calle   Doce de Octubre 20	40.5689240829835	-4.26923227669153	C2	http://www.crtm.es/tu-transporte-publico/cercanias-renfe/estaciones/5_76.aspx	0		Europe/Madrid	0	No	No	No	No	No
436	CR	8	8_15	par_5_94	94	Zarzalejo (C-8a)	Calle del Ferrocarril 13	40.538724336436	-4.15806924762504	C2	http://www.crtm.es/tu-transporte-publico/cercanias-renfe/estaciones/5_94.aspx	0		Europe/Madrid	0	No	No	No	No	No
437	CR	8	8_22	par_5_16	16	Cercedilla (C-8b)	Calle del Cascajal 7	40.7375733500909	-4.06580719855992	C2	http://www.crtm.es/tu-transporte-publico/cercanias-renfe/estaciones/5_16.aspx	0		Europe/Madrid	1	No	No	C-9	No	No
438	CR	9	9_2	par_5_63	63	Puerto de Navacerrada	Calle de la Virgen de las Nieves 7	40.784415667070604	-4.00464386263311	C2	http://www.crtm.es/tu-transporte-publico/cercanias-renfe/estaciones/5_63.aspx	0		Europe/Madrid	0	No	No	No	No	No
439	CR	9	9_3	par_5_23	23	Cotos	Ctra   M-604 (de la A-1 al Puerto de Navacerrada) 1	40.8222601406103	-3.96443439316078	C2	http://www.crtm.es/tu-transporte-publico/cercanias-renfe/estaciones/5_23.aspx	0		Europe/Madrid	0	No	No	No	No	No
